{
    "kind": "DeploymentList",
    "apiVersion": "apps/v1",
    "metadata": {
        "resourceVersion": "10878"
    },
    "items": [
        {
            "metadata": {
                "name": "local-path-provisioner",
                "namespace": "local-path-storage",
                "uid": "f78d8ba1-92c0-4a7f-b8dc-e435385b8b42",
                "resourceVersion": "480",
                "generation": 1,
                "creationTimestamp": "2022-11-23T05:41:25Z",
                "annotations": {
                    "deployment.kubernetes.io/revision": "1",
                    "kubectl.kubernetes.io/last-applied-configuration": "{\"apiVersion\":\"apps/v1\",\"kind\":\"Deployment\",\"metadata\":{\"annotations\":{},\"name\":\"local-path-provisioner\",\"namespace\":\"local-path-storage\"},\"spec\":{\"replicas\":1,\"selector\":{\"matchLabels\":{\"app\":\"local-path-provisioner\"}},\"template\":{\"metadata\":{\"labels\":{\"app\":\"local-path-provisioner\"}},\"spec\":{\"containers\":[{\"command\":[\"local-path-provisioner\",\"--debug\",\"start\",\"--helper-image\",\"docker.io/kindest/local-path-helper:v20220512-507ff70b\",\"--config\",\"/etc/config/config.json\"],\"env\":[{\"name\":\"POD_NAMESPACE\",\"valueFrom\":{\"fieldRef\":{\"fieldPath\":\"metadata.namespace\"}}}],\"image\":\"docker.io/kindest/local-path-provisioner:v0.0.22-kind.0\",\"imagePullPolicy\":\"IfNotPresent\",\"name\":\"local-path-provisioner\",\"volumeMounts\":[{\"mountPath\":\"/etc/config/\",\"name\":\"config-volume\"}]}],\"nodeSelector\":{\"kubernetes.io/os\":\"linux\"},\"serviceAccountName\":\"local-path-provisioner-service-account\",\"tolerations\":[{\"effect\":\"NoSchedule\",\"key\":\"node-role.kubernetes.io/control-plane\",\"operator\":\"Equal\"},{\"effect\":\"NoSchedule\",\"key\":\"node-role.kubernetes.io/master\",\"operator\":\"Equal\"}],\"volumes\":[{\"configMap\":{\"name\":\"local-path-config\"},\"name\":\"config-volume\"}]}}}}\n"
                }
            },
            "spec": {
                "replicas": 1,
                "selector": {
                    "matchLabels": {
                        "app": "local-path-provisioner"
                    }
                },
                "template": {
                    "metadata": {
                        "creationTimestamp": null,
                        "labels": {
                            "app": "local-path-provisioner"
                        }
                    },
                    "spec": {
                        "volumes": [
                            {
                                "name": "config-volume",
                                "configMap": {
                                    "name": "local-path-config",
                                    "defaultMode": 420
                                }
                            }
                        ],
                        "containers": [
                            {
                                "name": "local-path-provisioner",
                                "image": "docker.io/kindest/local-path-provisioner:v0.0.22-kind.0",
                                "command": [
                                    "local-path-provisioner",
                                    "--debug",
                                    "start",
                                    "--helper-image",
                                    "docker.io/kindest/local-path-helper:v20220512-507ff70b",
                                    "--config",
                                    "/etc/config/config.json"
                                ],
                                "env": [
                                    {
                                        "name": "POD_NAMESPACE",
                                        "valueFrom": {
                                            "fieldRef": {
                                                "apiVersion": "v1",
                                                "fieldPath": "metadata.namespace"
                                            }
                                        }
                                    }
                                ],
                                "resources": {},
                                "volumeMounts": [
                                    {
                                        "name": "config-volume",
                                        "mountPath": "/etc/config/"
                                    }
                                ],
                                "terminationMessagePath": "/dev/termination-log",
                                "terminationMessagePolicy": "File",
                                "imagePullPolicy": "IfNotPresent"
                            }
                        ],
                        "restartPolicy": "Always",
                        "terminationGracePeriodSeconds": 30,
                        "dnsPolicy": "ClusterFirst",
                        "nodeSelector": {
                            "kubernetes.io/os": "linux"
                        },
                        "serviceAccountName": "local-path-provisioner-service-account",
                        "serviceAccount": "local-path-provisioner-service-account",
                        "securityContext": {},
                        "schedulerName": "default-scheduler",
                        "tolerations": [
                            {
                                "key": "node-role.kubernetes.io/control-plane",
                                "operator": "Equal",
                                "effect": "NoSchedule"
                            },
                            {
                                "key": "node-role.kubernetes.io/master",
                                "operator": "Equal",
                                "effect": "NoSchedule"
                            }
                        ]
                    }
                },
                "strategy": {
                    "type": "RollingUpdate",
                    "rollingUpdate": {
                        "maxUnavailable": "25%",
                        "maxSurge": "25%"
                    }
                },
                "revisionHistoryLimit": 10,
                "progressDeadlineSeconds": 600
            },
            "status": {
                "observedGeneration": 1,
                "replicas": 1,
                "updatedReplicas": 1,
                "readyReplicas": 1,
                "availableReplicas": 1,
                "conditions": [
                    {
                        "type": "Available",
                        "status": "True",
                        "lastUpdateTime": "2022-11-23T05:41:45Z",
                        "lastTransitionTime": "2022-11-23T05:41:45Z",
                        "reason": "MinimumReplicasAvailable",
                        "message": "Deployment has minimum availability."
                    },
                    {
                        "type": "Progressing",
                        "status": "True",
                        "lastUpdateTime": "2022-11-23T05:41:45Z",
                        "lastTransitionTime": "2022-11-23T05:41:36Z",
                        "reason": "NewReplicaSetAvailable",
                        "message": "ReplicaSet \"local-path-provisioner-9cd9bd544\" has successfully progressed."
                    }
                ]
            }
        }
    ]
}
