{
    "kind": "PodList",
    "apiVersion": "v1",
    "metadata": {
        "resourceVersion": "10880"
    },
    "items": [
        {
            "metadata": {
                "name": "local-path-provisioner-9cd9bd544-frrjz",
                "generateName": "local-path-provisioner-9cd9bd544-",
                "namespace": "local-path-storage",
                "uid": "ca1fd19e-99c3-403d-a2dc-fdf5e31e8ef2",
                "resourceVersion": "477",
                "creationTimestamp": "2022-11-23T05:41:36Z",
                "labels": {
                    "app": "local-path-provisioner",
                    "pod-template-hash": "9cd9bd544"
                },
                "ownerReferences": [
                    {
                        "apiVersion": "apps/v1",
                        "kind": "ReplicaSet",
                        "name": "local-path-provisioner-9cd9bd544",
                        "uid": "59e52f10-c197-4ae1-81c7-7dbfa842da7c",
                        "controller": true,
                        "blockOwnerDeletion": true
                    }
                ]
            },
            "spec": {
                "volumes": [
                    {
                        "name": "config-volume",
                        "configMap": {
                            "name": "local-path-config",
                            "defaultMode": 420
                        }
                    },
                    {
                        "name": "kube-api-access-v5q98",
                        "projected": {
                            "sources": [
                                {
                                    "serviceAccountToken": {
                                        "expirationSeconds": 3607,
                                        "path": "token"
                                    }
                                },
                                {
                                    "configMap": {
                                        "name": "kube-root-ca.crt",
                                        "items": [
                                            {
                                                "key": "ca.crt",
                                                "path": "ca.crt"
                                            }
                                        ]
                                    }
                                },
                                {
                                    "downwardAPI": {
                                        "items": [
                                            {
                                                "path": "namespace",
                                                "fieldRef": {
                                                    "apiVersion": "v1",
                                                    "fieldPath": "metadata.namespace"
                                                }
                                            }
                                        ]
                                    }
                                }
                            ],
                            "defaultMode": 420
                        }
                    }
                ],
                "containers": [
                    {
                        "name": "local-path-provisioner",
                        "image": "docker.io/kindest/local-path-provisioner:v0.0.22-kind.0",
                        "command": [
                            "local-path-provisioner",
                            "--debug",
                            "start",
                            "--helper-image",
                            "docker.io/kindest/local-path-helper:v20220512-507ff70b",
                            "--config",
                            "/etc/config/config.json"
                        ],
                        "env": [
                            {
                                "name": "POD_NAMESPACE",
                                "valueFrom": {
                                    "fieldRef": {
                                        "apiVersion": "v1",
                                        "fieldPath": "metadata.namespace"
                                    }
                                }
                            }
                        ],
                        "resources": {},
                        "volumeMounts": [
                            {
                                "name": "config-volume",
                                "mountPath": "/etc/config/"
                            },
                            {
                                "name": "kube-api-access-v5q98",
                                "readOnly": true,
                                "mountPath": "/var/run/secrets/kubernetes.io/serviceaccount"
                            }
                        ],
                        "terminationMessagePath": "/dev/termination-log",
                        "terminationMessagePolicy": "File",
                        "imagePullPolicy": "IfNotPresent"
                    }
                ],
                "restartPolicy": "Always",
                "terminationGracePeriodSeconds": 30,
                "dnsPolicy": "ClusterFirst",
                "nodeSelector": {
                    "kubernetes.io/os": "linux"
                },
                "serviceAccountName": "local-path-provisioner-service-account",
                "serviceAccount": "local-path-provisioner-service-account",
                "nodeName": "kind-1-control-plane",
                "securityContext": {},
                "schedulerName": "default-scheduler",
                "tolerations": [
                    {
                        "key": "node-role.kubernetes.io/control-plane",
                        "operator": "Equal",
                        "effect": "NoSchedule"
                    },
                    {
                        "key": "node-role.kubernetes.io/master",
                        "operator": "Equal",
                        "effect": "NoSchedule"
                    },
                    {
                        "key": "node.kubernetes.io/not-ready",
                        "operator": "Exists",
                        "effect": "NoExecute",
                        "tolerationSeconds": 300
                    },
                    {
                        "key": "node.kubernetes.io/unreachable",
                        "operator": "Exists",
                        "effect": "NoExecute",
                        "tolerationSeconds": 300
                    }
                ],
                "priority": 0,
                "enableServiceLinks": true,
                "preemptionPolicy": "PreemptLowerPriority"
            },
            "status": {
                "phase": "Running",
                "conditions": [
                    {
                        "type": "Initialized",
                        "status": "True",
                        "lastProbeTime": null,
                        "lastTransitionTime": "2022-11-23T05:41:43Z"
                    },
                    {
                        "type": "Ready",
                        "status": "True",
                        "lastProbeTime": null,
                        "lastTransitionTime": "2022-11-23T05:41:45Z"
                    },
                    {
                        "type": "ContainersReady",
                        "status": "True",
                        "lastProbeTime": null,
                        "lastTransitionTime": "2022-11-23T05:41:45Z"
                    },
                    {
                        "type": "PodScheduled",
                        "status": "True",
                        "lastProbeTime": null,
                        "lastTransitionTime": "2022-11-23T05:41:43Z"
                    }
                ],
                "hostIP": "172.18.0.3",
                "podIP": "10.244.0.4",
                "podIPs": [
                    {
                        "ip": "10.244.0.4"
                    }
                ],
                "startTime": "2022-11-23T05:41:43Z",
                "containerStatuses": [
                    {
                        "name": "local-path-provisioner",
                        "state": {
                            "running": {
                                "startedAt": "2022-11-23T05:41:45Z"
                            }
                        },
                        "lastState": {},
                        "ready": true,
                        "restartCount": 0,
                        "image": "docker.io/kindest/local-path-provisioner:v0.0.22-kind.0",
                        "imageID": "sha256:4c1e997385b8fb4ad4d1d3c7e5af7ff3f882e94d07cf5b78de9e889bc60830e6",
                        "containerID": "containerd://6774b6f0a9f943413e96e0c53558f5c5ddc961454369871aa76c88cad8276081",
                        "started": true
                    }
                ],
                "qosClass": "BestEffort"
            }
        }
    ]
}
