{
    "kind": "ReplicaSetList",
    "apiVersion": "apps/v1",
    "metadata": {
        "resourceVersion": "10880"
    },
    "items": [
        {
            "metadata": {
                "name": "local-path-provisioner-9cd9bd544",
                "namespace": "local-path-storage",
                "uid": "59e52f10-c197-4ae1-81c7-7dbfa842da7c",
                "resourceVersion": "478",
                "generation": 1,
                "creationTimestamp": "2022-11-23T05:41:36Z",
                "labels": {
                    "app": "local-path-provisioner",
                    "pod-template-hash": "9cd9bd544"
                },
                "annotations": {
                    "deployment.kubernetes.io/desired-replicas": "1",
                    "deployment.kubernetes.io/max-replicas": "2",
                    "deployment.kubernetes.io/revision": "1"
                },
                "ownerReferences": [
                    {
                        "apiVersion": "apps/v1",
                        "kind": "Deployment",
                        "name": "local-path-provisioner",
                        "uid": "f78d8ba1-92c0-4a7f-b8dc-e435385b8b42",
                        "controller": true,
                        "blockOwnerDeletion": true
                    }
                ]
            },
            "spec": {
                "replicas": 1,
                "selector": {
                    "matchLabels": {
                        "app": "local-path-provisioner",
                        "pod-template-hash": "9cd9bd544"
                    }
                },
                "template": {
                    "metadata": {
                        "creationTimestamp": null,
                        "labels": {
                            "app": "local-path-provisioner",
                            "pod-template-hash": "9cd9bd544"
                        }
                    },
                    "spec": {
                        "volumes": [
                            {
                                "name": "config-volume",
                                "configMap": {
                                    "name": "local-path-config",
                                    "defaultMode": 420
                                }
                            }
                        ],
                        "containers": [
                            {
                                "name": "local-path-provisioner",
                                "image": "docker.io/kindest/local-path-provisioner:v0.0.22-kind.0",
                                "command": [
                                    "local-path-provisioner",
                                    "--debug",
                                    "start",
                                    "--helper-image",
                                    "docker.io/kindest/local-path-helper:v20220512-507ff70b",
                                    "--config",
                                    "/etc/config/config.json"
                                ],
                                "env": [
                                    {
                                        "name": "POD_NAMESPACE",
                                        "valueFrom": {
                                            "fieldRef": {
                                                "apiVersion": "v1",
                                                "fieldPath": "metadata.namespace"
                                            }
                                        }
                                    }
                                ],
                                "resources": {},
                                "volumeMounts": [
                                    {
                                        "name": "config-volume",
                                        "mountPath": "/etc/config/"
                                    }
                                ],
                                "terminationMessagePath": "/dev/termination-log",
                                "terminationMessagePolicy": "File",
                                "imagePullPolicy": "IfNotPresent"
                            }
                        ],
                        "restartPolicy": "Always",
                        "terminationGracePeriodSeconds": 30,
                        "dnsPolicy": "ClusterFirst",
                        "nodeSelector": {
                            "kubernetes.io/os": "linux"
                        },
                        "serviceAccountName": "local-path-provisioner-service-account",
                        "serviceAccount": "local-path-provisioner-service-account",
                        "securityContext": {},
                        "schedulerName": "default-scheduler",
                        "tolerations": [
                            {
                                "key": "node-role.kubernetes.io/control-plane",
                                "operator": "Equal",
                                "effect": "NoSchedule"
                            },
                            {
                                "key": "node-role.kubernetes.io/master",
                                "operator": "Equal",
                                "effect": "NoSchedule"
                            }
                        ]
                    }
                }
            },
            "status": {
                "replicas": 1,
                "fullyLabeledReplicas": 1,
                "readyReplicas": 1,
                "availableReplicas": 1,
                "observedGeneration": 1
            }
        }
    ]
}
