{
    "kind": "DeploymentList",
    "apiVersion": "apps/v1",
    "metadata": {
        "resourceVersion": "10862"
    },
    "items": [
        {
            "metadata": {
                "name": "ubuntu-deployment",
                "namespace": "default",
                "uid": "1249bcd7-eb20-435e-883c-517ea167c229",
                "resourceVersion": "10416",
                "generation": 1,
                "creationTimestamp": "2022-11-23T07:04:37Z",
                "labels": {
                    "app": "ubuntu"
                },
                "annotations": {
                    "deployment.kubernetes.io/revision": "1",
                    "kubectl.kubernetes.io/last-applied-configuration": "{\"apiVersion\":\"apps/v1\",\"kind\":\"Deployment\",\"metadata\":{\"annotations\":{},\"labels\":{\"app\":\"ubuntu\"},\"name\":\"ubuntu-deployment\",\"namespace\":\"default\"},\"spec\":{\"replicas\":1,\"selector\":{\"matchLabels\":{\"app\":\"ubuntu\"}},\"template\":{\"metadata\":{\"annotations\":{\"networkservicemesh.io\":\"kernel://my-vl3-network/nsm-1?dnsName=ubuntu\"},\"labels\":{\"app\":\"ubuntu\"}},\"spec\":{\"containers\":[{\"command\":[\"sleep\",\"123456\"],\"image\":\"ubuntu\",\"name\":\"ubuntu\",\"securityContext\":{\"privileged\":true}}]}}}}\n"
                }
            },
            "spec": {
                "replicas": 1,
                "selector": {
                    "matchLabels": {
                        "app": "ubuntu"
                    }
                },
                "template": {
                    "metadata": {
                        "creationTimestamp": null,
                        "labels": {
                            "app": "ubuntu"
                        },
                        "annotations": {
                            "networkservicemesh.io": "kernel://my-vl3-network/nsm-1?dnsName=ubuntu"
                        }
                    },
                    "spec": {
                        "containers": [
                            {
                                "name": "ubuntu",
                                "image": "ubuntu",
                                "command": [
                                    "sleep",
                                    "123456"
                                ],
                                "resources": {},
                                "terminationMessagePath": "/dev/termination-log",
                                "terminationMessagePolicy": "File",
                                "imagePullPolicy": "Always",
                                "securityContext": {
                                    "privileged": true
                                }
                            }
                        ],
                        "restartPolicy": "Always",
                        "terminationGracePeriodSeconds": 30,
                        "dnsPolicy": "ClusterFirst",
                        "securityContext": {},
                        "schedulerName": "default-scheduler"
                    }
                },
                "strategy": {
                    "type": "RollingUpdate",
                    "rollingUpdate": {
                        "maxUnavailable": "25%",
                        "maxSurge": "25%"
                    }
                },
                "revisionHistoryLimit": 10,
                "progressDeadlineSeconds": 600
            },
            "status": {
                "observedGeneration": 1,
                "replicas": 1,
                "updatedReplicas": 1,
                "readyReplicas": 1,
                "availableReplicas": 1,
                "conditions": [
                    {
                        "type": "Available",
                        "status": "True",
                        "lastUpdateTime": "2022-11-23T07:04:41Z",
                        "lastTransitionTime": "2022-11-23T07:04:41Z",
                        "reason": "MinimumReplicasAvailable",
                        "message": "Deployment has minimum availability."
                    },
                    {
                        "type": "Progressing",
                        "status": "True",
                        "lastUpdateTime": "2022-11-23T07:04:41Z",
                        "lastTransitionTime": "2022-11-23T07:04:37Z",
                        "reason": "NewReplicaSetAvailable",
                        "message": "ReplicaSet \"ubuntu-deployment-f98b7685b\" has successfully progressed."
                    }
                ]
            }
        }
    ]
}
