{
    "kind": "PodList",
    "apiVersion": "v1",
    "metadata": {
        "resourceVersion": "10864"
    },
    "items": [
        {
            "metadata": {
                "name": "ubuntu-deployment-f98b7685b-6jz4p",
                "generateName": "ubuntu-deployment-f98b7685b-",
                "namespace": "default",
                "uid": "f40a65e7-72dd-4017-bbbf-0534ef80fa64",
                "resourceVersion": "10414",
                "creationTimestamp": "2022-11-23T07:04:37Z",
                "labels": {
                    "app": "ubuntu",
                    "pod-template-hash": "f98b7685b",
                    "spiffe.io/spiffe-id": "true"
                },
                "annotations": {
                    "networkservicemesh.io": "kernel://my-vl3-network/nsm-1?dnsName=ubuntu"
                },
                "ownerReferences": [
                    {
                        "apiVersion": "apps/v1",
                        "kind": "ReplicaSet",
                        "name": "ubuntu-deployment-f98b7685b",
                        "uid": "de03ed89-c61a-4325-8d18-9c8ffedebc75",
                        "controller": true,
                        "blockOwnerDeletion": true
                    }
                ]
            },
            "spec": {
                "volumes": [
                    {
                        "name": "kube-api-access-s7gzf",
                        "projected": {
                            "sources": [
                                {
                                    "serviceAccountToken": {
                                        "expirationSeconds": 3607,
                                        "path": "token"
                                    }
                                },
                                {
                                    "configMap": {
                                        "name": "kube-root-ca.crt",
                                        "items": [
                                            {
                                                "key": "ca.crt",
                                                "path": "ca.crt"
                                            }
                                        ]
                                    }
                                },
                                {
                                    "downwardAPI": {
                                        "items": [
                                            {
                                                "path": "namespace",
                                                "fieldRef": {
                                                    "apiVersion": "v1",
                                                    "fieldPath": "metadata.namespace"
                                                }
                                            }
                                        ]
                                    }
                                }
                            ],
                            "defaultMode": 420
                        }
                    },
                    {
                        "name": "spire-agent-socket",
                        "hostPath": {
                            "path": "/run/spire/sockets",
                            "type": "Directory"
                        }
                    },
                    {
                        "name": "nsm-socket",
                        "hostPath": {
                            "path": "/var/lib/networkservicemesh",
                            "type": "Directory"
                        }
                    }
                ],
                "initContainers": [
                    {
                        "name": "cmd-nsc-init",
                        "image": "ghcr.io/networkservicemesh/ci/cmd-nsc-init:8f0a5f1",
                        "env": [
                            {
                                "name": "NSM_LOG_LEVEL",
                                "value": "TRACE"
                            },
                            {
                                "name": "SPIFFE_ENDPOINT_SOCKET",
                                "value": "unix:///run/spire/sockets/agent.sock"
                            },
                            {
                                "name": "NSM_NAME",
                                "valueFrom": {
                                    "fieldRef": {
                                        "apiVersion": "v1",
                                        "fieldPath": "metadata.name"
                                    }
                                }
                            },
                            {
                                "name": "POD_NAME",
                                "valueFrom": {
                                    "fieldRef": {
                                        "apiVersion": "v1",
                                        "fieldPath": "metadata.name"
                                    }
                                }
                            },
                            {
                                "name": "NSM_NETWORK_SERVICES",
                                "value": "kernel://my-vl3-network/nsm-1?dnsName=ubuntu"
                            }
                        ],
                        "resources": {},
                        "volumeMounts": [
                            {
                                "name": "spire-agent-socket",
                                "readOnly": true,
                                "mountPath": "/run/spire/sockets"
                            },
                            {
                                "name": "nsm-socket",
                                "readOnly": true,
                                "mountPath": "/var/lib/networkservicemesh"
                            },
                            {
                                "name": "kube-api-access-s7gzf",
                                "readOnly": true,
                                "mountPath": "/var/run/secrets/kubernetes.io/serviceaccount"
                            }
                        ],
                        "terminationMessagePath": "/dev/termination-log",
                        "terminationMessagePolicy": "File",
                        "imagePullPolicy": "IfNotPresent"
                    }
                ],
                "containers": [
                    {
                        "name": "ubuntu",
                        "image": "ubuntu",
                        "command": [
                            "sleep",
                            "123456"
                        ],
                        "resources": {},
                        "volumeMounts": [
                            {
                                "name": "kube-api-access-s7gzf",
                                "readOnly": true,
                                "mountPath": "/var/run/secrets/kubernetes.io/serviceaccount"
                            }
                        ],
                        "terminationMessagePath": "/dev/termination-log",
                        "terminationMessagePolicy": "File",
                        "imagePullPolicy": "Always",
                        "securityContext": {
                            "privileged": true
                        }
                    },
                    {
                        "name": "cmd-nsc",
                        "image": "thetadr/cmd-nsc:dns-fix",
                        "env": [
                            {
                                "name": "NSM_LOG_LEVEL",
                                "value": "TRACE"
                            },
                            {
                                "name": "SPIFFE_ENDPOINT_SOCKET",
                                "value": "unix:///run/spire/sockets/agent.sock"
                            },
                            {
                                "name": "NSM_NAME",
                                "valueFrom": {
                                    "fieldRef": {
                                        "apiVersion": "v1",
                                        "fieldPath": "metadata.name"
                                    }
                                }
                            },
                            {
                                "name": "POD_NAME",
                                "valueFrom": {
                                    "fieldRef": {
                                        "apiVersion": "v1",
                                        "fieldPath": "metadata.name"
                                    }
                                }
                            },
                            {
                                "name": "NSM_NETWORK_SERVICES",
                                "value": "kernel://my-vl3-network/nsm-1?dnsName=ubuntu"
                            }
                        ],
                        "resources": {},
                        "volumeMounts": [
                            {
                                "name": "spire-agent-socket",
                                "readOnly": true,
                                "mountPath": "/run/spire/sockets"
                            },
                            {
                                "name": "nsm-socket",
                                "readOnly": true,
                                "mountPath": "/var/lib/networkservicemesh"
                            },
                            {
                                "name": "kube-api-access-s7gzf",
                                "readOnly": true,
                                "mountPath": "/var/run/secrets/kubernetes.io/serviceaccount"
                            }
                        ],
                        "terminationMessagePath": "/dev/termination-log",
                        "terminationMessagePolicy": "File",
                        "imagePullPolicy": "IfNotPresent"
                    }
                ],
                "restartPolicy": "Always",
                "terminationGracePeriodSeconds": 30,
                "dnsPolicy": "ClusterFirst",
                "serviceAccountName": "default",
                "serviceAccount": "default",
                "nodeName": "kind-1-worker",
                "securityContext": {},
                "schedulerName": "default-scheduler",
                "tolerations": [
                    {
                        "key": "node.kubernetes.io/not-ready",
                        "operator": "Exists",
                        "effect": "NoExecute",
                        "tolerationSeconds": 300
                    },
                    {
                        "key": "node.kubernetes.io/unreachable",
                        "operator": "Exists",
                        "effect": "NoExecute",
                        "tolerationSeconds": 300
                    }
                ],
                "priority": 0,
                "enableServiceLinks": true,
                "preemptionPolicy": "PreemptLowerPriority"
            },
            "status": {
                "phase": "Running",
                "conditions": [
                    {
                        "type": "Initialized",
                        "status": "True",
                        "lastProbeTime": null,
                        "lastTransitionTime": "2022-11-23T07:04:40Z"
                    },
                    {
                        "type": "Ready",
                        "status": "True",
                        "lastProbeTime": null,
                        "lastTransitionTime": "2022-11-23T07:04:41Z"
                    },
                    {
                        "type": "ContainersReady",
                        "status": "True",
                        "lastProbeTime": null,
                        "lastTransitionTime": "2022-11-23T07:04:41Z"
                    },
                    {
                        "type": "PodScheduled",
                        "status": "True",
                        "lastProbeTime": null,
                        "lastTransitionTime": "2022-11-23T07:04:37Z"
                    }
                ],
                "hostIP": "172.18.0.2",
                "podIP": "10.244.1.12",
                "podIPs": [
                    {
                        "ip": "10.244.1.12"
                    }
                ],
                "startTime": "2022-11-23T07:04:37Z",
                "initContainerStatuses": [
                    {
                        "name": "cmd-nsc-init",
                        "state": {
                            "terminated": {
                                "exitCode": 0,
                                "reason": "Completed",
                                "startedAt": "2022-11-23T07:04:38Z",
                                "finishedAt": "2022-11-23T07:04:40Z",
                                "containerID": "containerd://1d89006c01f74b79761992a19e87825f9b55eb009158876d28e5b48f8fdc6aaf"
                            }
                        },
                        "lastState": {},
                        "ready": true,
                        "restartCount": 0,
                        "image": "ghcr.io/networkservicemesh/ci/cmd-nsc-init:8f0a5f1",
                        "imageID": "ghcr.io/networkservicemesh/ci/cmd-nsc-init@sha256:498a46551c48641eeafe00b5bd6dc058be21bd9bbcc7de79bf4007dcfd6501e8",
                        "containerID": "containerd://1d89006c01f74b79761992a19e87825f9b55eb009158876d28e5b48f8fdc6aaf"
                    }
                ],
                "containerStatuses": [
                    {
                        "name": "cmd-nsc",
                        "state": {
                            "running": {
                                "startedAt": "2022-11-23T07:04:41Z"
                            }
                        },
                        "lastState": {},
                        "ready": true,
                        "restartCount": 0,
                        "image": "docker.io/thetadr/cmd-nsc:dns-fix",
                        "imageID": "docker.io/thetadr/cmd-nsc@sha256:f16b2d6245e61ae362e9a5c9cfadca6ed5ddde1eb0d9953bc347be9d336c58de",
                        "containerID": "containerd://4432eae20b72452d89b753a931263a0351332d2380939d07c6d931221f9704d6",
                        "started": true
                    },
                    {
                        "name": "ubuntu",
                        "state": {
                            "running": {
                                "startedAt": "2022-11-23T07:04:41Z"
                            }
                        },
                        "lastState": {},
                        "ready": true,
                        "restartCount": 0,
                        "image": "docker.io/library/ubuntu:latest",
                        "imageID": "docker.io/library/ubuntu@sha256:4b1d0c4a2d2aaf63b37111f34eb9fa89fa1bf53dd6e4ca954d47caebca4005c2",
                        "containerID": "containerd://45bf2fffa230df49a5a2a71543cad0f54d56634842a856e55c30f88ad510b44e",
                        "started": true
                    }
                ],
                "qosClass": "BestEffort"
            }
        }
    ]
}
