{
    "kind": "ReplicaSetList",
    "apiVersion": "apps/v1",
    "metadata": {
        "resourceVersion": "10864"
    },
    "items": [
        {
            "metadata": {
                "name": "ubuntu-deployment-f98b7685b",
                "namespace": "default",
                "uid": "de03ed89-c61a-4325-8d18-9c8ffedebc75",
                "resourceVersion": "10415",
                "generation": 1,
                "creationTimestamp": "2022-11-23T07:04:37Z",
                "labels": {
                    "app": "ubuntu",
                    "pod-template-hash": "f98b7685b"
                },
                "annotations": {
                    "deployment.kubernetes.io/desired-replicas": "1",
                    "deployment.kubernetes.io/max-replicas": "2",
                    "deployment.kubernetes.io/revision": "1"
                },
                "ownerReferences": [
                    {
                        "apiVersion": "apps/v1",
                        "kind": "Deployment",
                        "name": "ubuntu-deployment",
                        "uid": "1249bcd7-eb20-435e-883c-517ea167c229",
                        "controller": true,
                        "blockOwnerDeletion": true
                    }
                ]
            },
            "spec": {
                "replicas": 1,
                "selector": {
                    "matchLabels": {
                        "app": "ubuntu",
                        "pod-template-hash": "f98b7685b"
                    }
                },
                "template": {
                    "metadata": {
                        "creationTimestamp": null,
                        "labels": {
                            "app": "ubuntu",
                            "pod-template-hash": "f98b7685b"
                        },
                        "annotations": {
                            "networkservicemesh.io": "kernel://my-vl3-network/nsm-1?dnsName=ubuntu"
                        }
                    },
                    "spec": {
                        "containers": [
                            {
                                "name": "ubuntu",
                                "image": "ubuntu",
                                "command": [
                                    "sleep",
                                    "123456"
                                ],
                                "resources": {},
                                "terminationMessagePath": "/dev/termination-log",
                                "terminationMessagePolicy": "File",
                                "imagePullPolicy": "Always",
                                "securityContext": {
                                    "privileged": true
                                }
                            }
                        ],
                        "restartPolicy": "Always",
                        "terminationGracePeriodSeconds": 30,
                        "dnsPolicy": "ClusterFirst",
                        "securityContext": {},
                        "schedulerName": "default-scheduler"
                    }
                }
            },
            "status": {
                "replicas": 1,
                "fullyLabeledReplicas": 1,
                "readyReplicas": 1,
                "availableReplicas": 1,
                "observedGeneration": 1
            }
        }
    ]
}
