{
    "kind": "DeploymentList",
    "apiVersion": "apps/v1",
    "metadata": {
        "resourceVersion": "10866"
    },
    "items": [
        {
            "metadata": {
                "name": "istiod",
                "namespace": "istio-system",
                "uid": "e0075314-2bbd-4a27-8607-0b2231302a75",
                "resourceVersion": "10302",
                "generation": 1,
                "creationTimestamp": "2022-11-23T07:03:56Z",
                "labels": {
                    "app": "istiod",
                    "install.operator.istio.io/owning-resource": "unknown",
                    "install.operator.istio.io/owning-resource-namespace": "istio-system",
                    "istio": "pilot",
                    "istio.io/rev": "default",
                    "operator.istio.io/component": "Pilot",
                    "operator.istio.io/managed": "Reconcile",
                    "operator.istio.io/version": "1.15.1",
                    "release": "istio"
                },
                "annotations": {
                    "deployment.kubernetes.io/revision": "1",
                    "kubectl.kubernetes.io/last-applied-configuration": "{\"apiVersion\":\"apps/v1\",\"kind\":\"Deployment\",\"metadata\":{\"annotations\":{},\"labels\":{\"app\":\"istiod\",\"install.operator.istio.io/owning-resource\":\"unknown\",\"install.operator.istio.io/owning-resource-namespace\":\"istio-system\",\"istio\":\"pilot\",\"istio.io/rev\":\"default\",\"operator.istio.io/component\":\"Pilot\",\"operator.istio.io/managed\":\"Reconcile\",\"operator.istio.io/version\":\"1.15.1\",\"release\":\"istio\"},\"name\":\"istiod\",\"namespace\":\"istio-system\"},\"spec\":{\"selector\":{\"matchLabels\":{\"istio\":\"pilot\"}},\"strategy\":{\"rollingUpdate\":{\"maxSurge\":\"100%\",\"maxUnavailable\":\"25%\"}},\"template\":{\"metadata\":{\"annotations\":{\"prometheus.io/port\":\"15014\",\"prometheus.io/scrape\":\"true\",\"sidecar.istio.io/inject\":\"false\"},\"labels\":{\"app\":\"istiod\",\"install.operator.istio.io/owning-resource\":\"unknown\",\"istio\":\"pilot\",\"istio.io/rev\":\"default\",\"operator.istio.io/component\":\"Pilot\",\"sidecar.istio.io/inject\":\"false\"}},\"spec\":{\"containers\":[{\"args\":[\"discovery\",\"--monitoringAddr=:15014\",\"--log_output_level=default:info\",\"--domain\",\"cluster.local\",\"--keepaliveMaxServerConnectionAge\",\"30m\"],\"env\":[{\"name\":\"REVISION\",\"value\":\"default\"},{\"name\":\"JWT_POLICY\",\"value\":\"third-party-jwt\"},{\"name\":\"PILOT_CERT_PROVIDER\",\"value\":\"istiod\"},{\"name\":\"POD_NAME\",\"valueFrom\":{\"fieldRef\":{\"apiVersion\":\"v1\",\"fieldPath\":\"metadata.name\"}}},{\"name\":\"POD_NAMESPACE\",\"valueFrom\":{\"fieldRef\":{\"apiVersion\":\"v1\",\"fieldPath\":\"metadata.namespace\"}}},{\"name\":\"SERVICE_ACCOUNT\",\"valueFrom\":{\"fieldRef\":{\"apiVersion\":\"v1\",\"fieldPath\":\"spec.serviceAccountName\"}}},{\"name\":\"KUBECONFIG\",\"value\":\"/var/run/secrets/remote/config\"},{\"name\":\"PILOT_TRACE_SAMPLING\",\"value\":\"1\"},{\"name\":\"PILOT_ENABLE_PROTOCOL_SNIFFING_FOR_OUTBOUND\",\"value\":\"true\"},{\"name\":\"PILOT_ENABLE_PROTOCOL_SNIFFING_FOR_INBOUND\",\"value\":\"true\"},{\"name\":\"ISTIOD_ADDR\",\"value\":\"istiod.istio-system.svc:15012\"},{\"name\":\"PILOT_ENABLE_ANALYSIS\",\"value\":\"false\"},{\"name\":\"CLUSTER_ID\",\"value\":\"Kubernetes\"}],\"image\":\"docker.io/istio/pilot:1.15.1\",\"name\":\"discovery\",\"ports\":[{\"containerPort\":8080,\"protocol\":\"TCP\"},{\"containerPort\":15010,\"protocol\":\"TCP\"},{\"containerPort\":15017,\"protocol\":\"TCP\"}],\"readinessProbe\":{\"httpGet\":{\"path\":\"/ready\",\"port\":8080},\"initialDelaySeconds\":1,\"periodSeconds\":3,\"timeoutSeconds\":5},\"resources\":{\"requests\":{\"cpu\":\"500m\",\"memory\":\"2048Mi\"}},\"securityContext\":{\"allowPrivilegeEscalation\":false,\"capabilities\":{\"drop\":[\"ALL\"]},\"readOnlyRootFilesystem\":true,\"runAsGroup\":1337,\"runAsNonRoot\":true,\"runAsUser\":1337},\"volumeMounts\":[{\"mountPath\":\"/var/run/secrets/tokens\",\"name\":\"istio-token\",\"readOnly\":true},{\"mountPath\":\"/var/run/secrets/istio-dns\",\"name\":\"local-certs\"},{\"mountPath\":\"/etc/cacerts\",\"name\":\"cacerts\",\"readOnly\":true},{\"mountPath\":\"/var/run/secrets/remote\",\"name\":\"istio-kubeconfig\",\"readOnly\":true}]}],\"securityContext\":{\"fsGroup\":1337},\"serviceAccountName\":\"istiod\",\"volumes\":[{\"emptyDir\":{\"medium\":\"Memory\"},\"name\":\"local-certs\"},{\"name\":\"istio-token\",\"projected\":{\"sources\":[{\"serviceAccountToken\":{\"audience\":\"istio-ca\",\"expirationSeconds\":43200,\"path\":\"istio-token\"}}]}},{\"name\":\"cacerts\",\"secret\":{\"optional\":true,\"secretName\":\"cacerts\"}},{\"name\":\"istio-kubeconfig\",\"secret\":{\"optional\":true,\"secretName\":\"istio-kubeconfig\"}}]}}}}\n"
                }
            },
            "spec": {
                "replicas": 1,
                "selector": {
                    "matchLabels": {
                        "istio": "pilot"
                    }
                },
                "template": {
                    "metadata": {
                        "creationTimestamp": null,
                        "labels": {
                            "app": "istiod",
                            "install.operator.istio.io/owning-resource": "unknown",
                            "istio": "pilot",
                            "istio.io/rev": "default",
                            "operator.istio.io/component": "Pilot",
                            "sidecar.istio.io/inject": "false"
                        },
                        "annotations": {
                            "prometheus.io/port": "15014",
                            "prometheus.io/scrape": "true",
                            "sidecar.istio.io/inject": "false"
                        }
                    },
                    "spec": {
                        "volumes": [
                            {
                                "name": "local-certs",
                                "emptyDir": {
                                    "medium": "Memory"
                                }
                            },
                            {
                                "name": "istio-token",
                                "projected": {
                                    "sources": [
                                        {
                                            "serviceAccountToken": {
                                                "audience": "istio-ca",
                                                "expirationSeconds": 43200,
                                                "path": "istio-token"
                                            }
                                        }
                                    ],
                                    "defaultMode": 420
                                }
                            },
                            {
                                "name": "cacerts",
                                "secret": {
                                    "secretName": "cacerts",
                                    "defaultMode": 420,
                                    "optional": true
                                }
                            },
                            {
                                "name": "istio-kubeconfig",
                                "secret": {
                                    "secretName": "istio-kubeconfig",
                                    "defaultMode": 420,
                                    "optional": true
                                }
                            }
                        ],
                        "containers": [
                            {
                                "name": "discovery",
                                "image": "docker.io/istio/pilot:1.15.1",
                                "args": [
                                    "discovery",
                                    "--monitoringAddr=:15014",
                                    "--log_output_level=default:info",
                                    "--domain",
                                    "cluster.local",
                                    "--keepaliveMaxServerConnectionAge",
                                    "30m"
                                ],
                                "ports": [
                                    {
                                        "containerPort": 8080,
                                        "protocol": "TCP"
                                    },
                                    {
                                        "containerPort": 15010,
                                        "protocol": "TCP"
                                    },
                                    {
                                        "containerPort": 15017,
                                        "protocol": "TCP"
                                    }
                                ],
                                "env": [
                                    {
                                        "name": "REVISION",
                                        "value": "default"
                                    },
                                    {
                                        "name": "JWT_POLICY",
                                        "value": "third-party-jwt"
                                    },
                                    {
                                        "name": "PILOT_CERT_PROVIDER",
                                        "value": "istiod"
                                    },
                                    {
                                        "name": "POD_NAME",
                                        "valueFrom": {
                                            "fieldRef": {
                                                "apiVersion": "v1",
                                                "fieldPath": "metadata.name"
                                            }
                                        }
                                    },
                                    {
                                        "name": "POD_NAMESPACE",
                                        "valueFrom": {
                                            "fieldRef": {
                                                "apiVersion": "v1",
                                                "fieldPath": "metadata.namespace"
                                            }
                                        }
                                    },
                                    {
                                        "name": "SERVICE_ACCOUNT",
                                        "valueFrom": {
                                            "fieldRef": {
                                                "apiVersion": "v1",
                                                "fieldPath": "spec.serviceAccountName"
                                            }
                                        }
                                    },
                                    {
                                        "name": "KUBECONFIG",
                                        "value": "/var/run/secrets/remote/config"
                                    },
                                    {
                                        "name": "PILOT_TRACE_SAMPLING",
                                        "value": "1"
                                    },
                                    {
                                        "name": "PILOT_ENABLE_PROTOCOL_SNIFFING_FOR_OUTBOUND",
                                        "value": "true"
                                    },
                                    {
                                        "name": "PILOT_ENABLE_PROTOCOL_SNIFFING_FOR_INBOUND",
                                        "value": "true"
                                    },
                                    {
                                        "name": "ISTIOD_ADDR",
                                        "value": "istiod.istio-system.svc:15012"
                                    },
                                    {
                                        "name": "PILOT_ENABLE_ANALYSIS",
                                        "value": "false"
                                    },
                                    {
                                        "name": "CLUSTER_ID",
                                        "value": "Kubernetes"
                                    }
                                ],
                                "resources": {
                                    "requests": {
                                        "cpu": "500m",
                                        "memory": "2Gi"
                                    }
                                },
                                "volumeMounts": [
                                    {
                                        "name": "istio-token",
                                        "readOnly": true,
                                        "mountPath": "/var/run/secrets/tokens"
                                    },
                                    {
                                        "name": "local-certs",
                                        "mountPath": "/var/run/secrets/istio-dns"
                                    },
                                    {
                                        "name": "cacerts",
                                        "readOnly": true,
                                        "mountPath": "/etc/cacerts"
                                    },
                                    {
                                        "name": "istio-kubeconfig",
                                        "readOnly": true,
                                        "mountPath": "/var/run/secrets/remote"
                                    }
                                ],
                                "readinessProbe": {
                                    "httpGet": {
                                        "path": "/ready",
                                        "port": 8080,
                                        "scheme": "HTTP"
                                    },
                                    "initialDelaySeconds": 1,
                                    "timeoutSeconds": 5,
                                    "periodSeconds": 3,
                                    "successThreshold": 1,
                                    "failureThreshold": 3
                                },
                                "terminationMessagePath": "/dev/termination-log",
                                "terminationMessagePolicy": "File",
                                "imagePullPolicy": "IfNotPresent",
                                "securityContext": {
                                    "capabilities": {
                                        "drop": [
                                            "ALL"
                                        ]
                                    },
                                    "runAsUser": 1337,
                                    "runAsGroup": 1337,
                                    "runAsNonRoot": true,
                                    "readOnlyRootFilesystem": true,
                                    "allowPrivilegeEscalation": false
                                }
                            }
                        ],
                        "restartPolicy": "Always",
                        "terminationGracePeriodSeconds": 30,
                        "dnsPolicy": "ClusterFirst",
                        "serviceAccountName": "istiod",
                        "serviceAccount": "istiod",
                        "securityContext": {
                            "fsGroup": 1337
                        },
                        "schedulerName": "default-scheduler"
                    }
                },
                "strategy": {
                    "type": "RollingUpdate",
                    "rollingUpdate": {
                        "maxUnavailable": "25%",
                        "maxSurge": "100%"
                    }
                },
                "revisionHistoryLimit": 10,
                "progressDeadlineSeconds": 600
            },
            "status": {
                "observedGeneration": 1,
                "replicas": 1,
                "updatedReplicas": 1,
                "readyReplicas": 1,
                "availableReplicas": 1,
                "conditions": [
                    {
                        "type": "Available",
                        "status": "True",
                        "lastUpdateTime": "2022-11-23T07:04:04Z",
                        "lastTransitionTime": "2022-11-23T07:04:04Z",
                        "reason": "MinimumReplicasAvailable",
                        "message": "Deployment has minimum availability."
                    },
                    {
                        "type": "Progressing",
                        "status": "True",
                        "lastUpdateTime": "2022-11-23T07:04:04Z",
                        "lastTransitionTime": "2022-11-23T07:03:56Z",
                        "reason": "NewReplicaSetAvailable",
                        "message": "ReplicaSet \"istiod-cd9c68bc\" has successfully progressed."
                    }
                ]
            }
        }
    ]
}
