{
    "kind": "PodList",
    "apiVersion": "v1",
    "metadata": {
        "resourceVersion": "10866"
    },
    "items": [
        {
            "metadata": {
                "name": "istiod-cd9c68bc-w42xj",
                "generateName": "istiod-cd9c68bc-",
                "namespace": "istio-system",
                "uid": "e6f83444-e686-4c5a-8d16-f57683462bf5",
                "resourceVersion": "10296",
                "creationTimestamp": "2022-11-23T07:03:56Z",
                "labels": {
                    "app": "istiod",
                    "install.operator.istio.io/owning-resource": "unknown",
                    "istio": "pilot",
                    "istio.io/rev": "default",
                    "operator.istio.io/component": "Pilot",
                    "pod-template-hash": "cd9c68bc",
                    "sidecar.istio.io/inject": "false",
                    "spiffe.io/spiffe-id": "true"
                },
                "annotations": {
                    "prometheus.io/port": "15014",
                    "prometheus.io/scrape": "true",
                    "sidecar.istio.io/inject": "false"
                },
                "ownerReferences": [
                    {
                        "apiVersion": "apps/v1",
                        "kind": "ReplicaSet",
                        "name": "istiod-cd9c68bc",
                        "uid": "dd9a1a34-d121-4b80-9662-6b66983d97f6",
                        "controller": true,
                        "blockOwnerDeletion": true
                    }
                ]
            },
            "spec": {
                "volumes": [
                    {
                        "name": "local-certs",
                        "emptyDir": {
                            "medium": "Memory"
                        }
                    },
                    {
                        "name": "istio-token",
                        "projected": {
                            "sources": [
                                {
                                    "serviceAccountToken": {
                                        "audience": "istio-ca",
                                        "expirationSeconds": 43200,
                                        "path": "istio-token"
                                    }
                                }
                            ],
                            "defaultMode": 420
                        }
                    },
                    {
                        "name": "cacerts",
                        "secret": {
                            "secretName": "cacerts",
                            "defaultMode": 420,
                            "optional": true
                        }
                    },
                    {
                        "name": "istio-kubeconfig",
                        "secret": {
                            "secretName": "istio-kubeconfig",
                            "defaultMode": 420,
                            "optional": true
                        }
                    },
                    {
                        "name": "kube-api-access-mnpdw",
                        "projected": {
                            "sources": [
                                {
                                    "serviceAccountToken": {
                                        "expirationSeconds": 3607,
                                        "path": "token"
                                    }
                                },
                                {
                                    "configMap": {
                                        "name": "kube-root-ca.crt",
                                        "items": [
                                            {
                                                "key": "ca.crt",
                                                "path": "ca.crt"
                                            }
                                        ]
                                    }
                                },
                                {
                                    "downwardAPI": {
                                        "items": [
                                            {
                                                "path": "namespace",
                                                "fieldRef": {
                                                    "apiVersion": "v1",
                                                    "fieldPath": "metadata.namespace"
                                                }
                                            }
                                        ]
                                    }
                                }
                            ],
                            "defaultMode": 420
                        }
                    },
                    {
                        "name": "spire-agent-socket",
                        "hostPath": {
                            "path": "/run/spire/sockets",
                            "type": "Directory"
                        }
                    },
                    {
                        "name": "nsm-socket",
                        "hostPath": {
                            "path": "/var/lib/networkservicemesh",
                            "type": "Directory"
                        }
                    }
                ],
                "initContainers": [
                    {
                        "name": "cmd-nsc-init",
                        "image": "ghcr.io/networkservicemesh/ci/cmd-nsc-init:8f0a5f1",
                        "env": [
                            {
                                "name": "NSM_LOG_LEVEL",
                                "value": "TRACE"
                            },
                            {
                                "name": "SPIFFE_ENDPOINT_SOCKET",
                                "value": "unix:///run/spire/sockets/agent.sock"
                            },
                            {
                                "name": "NSM_NAME",
                                "valueFrom": {
                                    "fieldRef": {
                                        "apiVersion": "v1",
                                        "fieldPath": "metadata.name"
                                    }
                                }
                            },
                            {
                                "name": "POD_NAME",
                                "valueFrom": {
                                    "fieldRef": {
                                        "apiVersion": "v1",
                                        "fieldPath": "metadata.name"
                                    }
                                }
                            },
                            {
                                "name": "NSM_NETWORK_SERVICES",
                                "value": "kernel://my-vl3-network/nsm-1?dnsName=istio-cp"
                            }
                        ],
                        "resources": {},
                        "volumeMounts": [
                            {
                                "name": "spire-agent-socket",
                                "readOnly": true,
                                "mountPath": "/run/spire/sockets"
                            },
                            {
                                "name": "nsm-socket",
                                "readOnly": true,
                                "mountPath": "/var/lib/networkservicemesh"
                            },
                            {
                                "name": "kube-api-access-mnpdw",
                                "readOnly": true,
                                "mountPath": "/var/run/secrets/kubernetes.io/serviceaccount"
                            }
                        ],
                        "terminationMessagePath": "/dev/termination-log",
                        "terminationMessagePolicy": "File",
                        "imagePullPolicy": "IfNotPresent"
                    }
                ],
                "containers": [
                    {
                        "name": "discovery",
                        "image": "docker.io/istio/pilot:1.15.1",
                        "args": [
                            "discovery",
                            "--monitoringAddr=:15014",
                            "--log_output_level=default:info",
                            "--domain",
                            "cluster.local",
                            "--keepaliveMaxServerConnectionAge",
                            "30m"
                        ],
                        "ports": [
                            {
                                "containerPort": 8080,
                                "protocol": "TCP"
                            },
                            {
                                "containerPort": 15010,
                                "protocol": "TCP"
                            },
                            {
                                "containerPort": 15017,
                                "protocol": "TCP"
                            }
                        ],
                        "env": [
                            {
                                "name": "REVISION",
                                "value": "default"
                            },
                            {
                                "name": "JWT_POLICY",
                                "value": "third-party-jwt"
                            },
                            {
                                "name": "PILOT_CERT_PROVIDER",
                                "value": "istiod"
                            },
                            {
                                "name": "POD_NAME",
                                "valueFrom": {
                                    "fieldRef": {
                                        "apiVersion": "v1",
                                        "fieldPath": "metadata.name"
                                    }
                                }
                            },
                            {
                                "name": "POD_NAMESPACE",
                                "valueFrom": {
                                    "fieldRef": {
                                        "apiVersion": "v1",
                                        "fieldPath": "metadata.namespace"
                                    }
                                }
                            },
                            {
                                "name": "SERVICE_ACCOUNT",
                                "valueFrom": {
                                    "fieldRef": {
                                        "apiVersion": "v1",
                                        "fieldPath": "spec.serviceAccountName"
                                    }
                                }
                            },
                            {
                                "name": "KUBECONFIG",
                                "value": "/var/run/secrets/remote/config"
                            },
                            {
                                "name": "PILOT_TRACE_SAMPLING",
                                "value": "1"
                            },
                            {
                                "name": "PILOT_ENABLE_PROTOCOL_SNIFFING_FOR_OUTBOUND",
                                "value": "true"
                            },
                            {
                                "name": "PILOT_ENABLE_PROTOCOL_SNIFFING_FOR_INBOUND",
                                "value": "true"
                            },
                            {
                                "name": "ISTIOD_ADDR",
                                "value": "istiod.istio-system.svc:15012"
                            },
                            {
                                "name": "PILOT_ENABLE_ANALYSIS",
                                "value": "false"
                            },
                            {
                                "name": "CLUSTER_ID",
                                "value": "Kubernetes"
                            }
                        ],
                        "resources": {
                            "requests": {
                                "cpu": "500m",
                                "memory": "2Gi"
                            }
                        },
                        "volumeMounts": [
                            {
                                "name": "istio-token",
                                "readOnly": true,
                                "mountPath": "/var/run/secrets/tokens"
                            },
                            {
                                "name": "local-certs",
                                "mountPath": "/var/run/secrets/istio-dns"
                            },
                            {
                                "name": "cacerts",
                                "readOnly": true,
                                "mountPath": "/etc/cacerts"
                            },
                            {
                                "name": "istio-kubeconfig",
                                "readOnly": true,
                                "mountPath": "/var/run/secrets/remote"
                            },
                            {
                                "name": "kube-api-access-mnpdw",
                                "readOnly": true,
                                "mountPath": "/var/run/secrets/kubernetes.io/serviceaccount"
                            }
                        ],
                        "readinessProbe": {
                            "httpGet": {
                                "path": "/ready",
                                "port": 8080,
                                "scheme": "HTTP"
                            },
                            "initialDelaySeconds": 1,
                            "timeoutSeconds": 5,
                            "periodSeconds": 3,
                            "successThreshold": 1,
                            "failureThreshold": 3
                        },
                        "terminationMessagePath": "/dev/termination-log",
                        "terminationMessagePolicy": "File",
                        "imagePullPolicy": "IfNotPresent",
                        "securityContext": {
                            "capabilities": {
                                "drop": [
                                    "ALL"
                                ]
                            },
                            "runAsUser": 1337,
                            "runAsGroup": 1337,
                            "runAsNonRoot": true,
                            "readOnlyRootFilesystem": true,
                            "allowPrivilegeEscalation": false
                        }
                    },
                    {
                        "name": "cmd-nsc",
                        "image": "thetadr/cmd-nsc:dns-fix",
                        "env": [
                            {
                                "name": "NSM_LOG_LEVEL",
                                "value": "TRACE"
                            },
                            {
                                "name": "SPIFFE_ENDPOINT_SOCKET",
                                "value": "unix:///run/spire/sockets/agent.sock"
                            },
                            {
                                "name": "NSM_NAME",
                                "valueFrom": {
                                    "fieldRef": {
                                        "apiVersion": "v1",
                                        "fieldPath": "metadata.name"
                                    }
                                }
                            },
                            {
                                "name": "POD_NAME",
                                "valueFrom": {
                                    "fieldRef": {
                                        "apiVersion": "v1",
                                        "fieldPath": "metadata.name"
                                    }
                                }
                            },
                            {
                                "name": "NSM_NETWORK_SERVICES",
                                "value": "kernel://my-vl3-network/nsm-1?dnsName=istio-cp"
                            }
                        ],
                        "resources": {},
                        "volumeMounts": [
                            {
                                "name": "spire-agent-socket",
                                "readOnly": true,
                                "mountPath": "/run/spire/sockets"
                            },
                            {
                                "name": "nsm-socket",
                                "readOnly": true,
                                "mountPath": "/var/lib/networkservicemesh"
                            },
                            {
                                "name": "kube-api-access-mnpdw",
                                "readOnly": true,
                                "mountPath": "/var/run/secrets/kubernetes.io/serviceaccount"
                            }
                        ],
                        "terminationMessagePath": "/dev/termination-log",
                        "terminationMessagePolicy": "File",
                        "imagePullPolicy": "IfNotPresent"
                    }
                ],
                "restartPolicy": "Always",
                "terminationGracePeriodSeconds": 30,
                "dnsPolicy": "ClusterFirst",
                "serviceAccountName": "istiod",
                "serviceAccount": "istiod",
                "nodeName": "kind-1-worker",
                "securityContext": {
                    "fsGroup": 1337
                },
                "schedulerName": "default-scheduler",
                "tolerations": [
                    {
                        "key": "node.kubernetes.io/not-ready",
                        "operator": "Exists",
                        "effect": "NoExecute",
                        "tolerationSeconds": 300
                    },
                    {
                        "key": "node.kubernetes.io/unreachable",
                        "operator": "Exists",
                        "effect": "NoExecute",
                        "tolerationSeconds": 300
                    }
                ],
                "priority": 0,
                "enableServiceLinks": true,
                "preemptionPolicy": "PreemptLowerPriority"
            },
            "status": {
                "phase": "Running",
                "conditions": [
                    {
                        "type": "Initialized",
                        "status": "True",
                        "lastProbeTime": null,
                        "lastTransitionTime": "2022-11-23T07:04:02Z"
                    },
                    {
                        "type": "Ready",
                        "status": "True",
                        "lastProbeTime": null,
                        "lastTransitionTime": "2022-11-23T07:04:04Z"
                    },
                    {
                        "type": "ContainersReady",
                        "status": "True",
                        "lastProbeTime": null,
                        "lastTransitionTime": "2022-11-23T07:04:04Z"
                    },
                    {
                        "type": "PodScheduled",
                        "status": "True",
                        "lastProbeTime": null,
                        "lastTransitionTime": "2022-11-23T07:03:56Z"
                    }
                ],
                "hostIP": "172.18.0.2",
                "podIP": "10.244.1.11",
                "podIPs": [
                    {
                        "ip": "10.244.1.11"
                    }
                ],
                "startTime": "2022-11-23T07:03:56Z",
                "initContainerStatuses": [
                    {
                        "name": "cmd-nsc-init",
                        "state": {
                            "terminated": {
                                "exitCode": 0,
                                "reason": "Completed",
                                "startedAt": "2022-11-23T07:03:56Z",
                                "finishedAt": "2022-11-23T07:04:01Z",
                                "containerID": "containerd://593bcc9a22167a4ca03e8da57d54cad0cb90132dc4aac8cb97df0e810a8aa042"
                            }
                        },
                        "lastState": {},
                        "ready": true,
                        "restartCount": 0,
                        "image": "ghcr.io/networkservicemesh/ci/cmd-nsc-init:8f0a5f1",
                        "imageID": "ghcr.io/networkservicemesh/ci/cmd-nsc-init@sha256:498a46551c48641eeafe00b5bd6dc058be21bd9bbcc7de79bf4007dcfd6501e8",
                        "containerID": "containerd://593bcc9a22167a4ca03e8da57d54cad0cb90132dc4aac8cb97df0e810a8aa042"
                    }
                ],
                "containerStatuses": [
                    {
                        "name": "cmd-nsc",
                        "state": {
                            "running": {
                                "startedAt": "2022-11-23T07:04:03Z"
                            }
                        },
                        "lastState": {},
                        "ready": true,
                        "restartCount": 0,
                        "image": "docker.io/thetadr/cmd-nsc:dns-fix",
                        "imageID": "docker.io/thetadr/cmd-nsc@sha256:f16b2d6245e61ae362e9a5c9cfadca6ed5ddde1eb0d9953bc347be9d336c58de",
                        "containerID": "containerd://2c5de267f2cdfbb0ffef2a1bd67ff49e31adc43243cf0c80ac7e998702b37332",
                        "started": true
                    },
                    {
                        "name": "discovery",
                        "state": {
                            "running": {
                                "startedAt": "2022-11-23T07:04:03Z"
                            }
                        },
                        "lastState": {},
                        "ready": true,
                        "restartCount": 0,
                        "image": "docker.io/istio/pilot:1.15.1",
                        "imageID": "docker.io/istio/pilot@sha256:aa4aea7dec9f3e1c76eb8c610b43decdc96ff7943b5d14d22a5b936cc91a3627",
                        "containerID": "containerd://2702d1ea260796e33bd6fa7ae6fe9efc7f5396f4e242530879bcff69bb01e1d1",
                        "started": true
                    }
                ],
                "qosClass": "Burstable"
            }
        }
    ]
}
