{
    "kind": "ServiceList",
    "apiVersion": "v1",
    "metadata": {
        "resourceVersion": "10866"
    },
    "items": [
        {
            "metadata": {
                "name": "istiod",
                "namespace": "istio-system",
                "uid": "544f6ca7-450a-4908-80d9-38587a9d847a",
                "resourceVersion": "10258",
                "creationTimestamp": "2022-11-23T07:03:56Z",
                "labels": {
                    "app": "istiod",
                    "install.operator.istio.io/owning-resource": "unknown",
                    "install.operator.istio.io/owning-resource-namespace": "istio-system",
                    "istio": "pilot",
                    "istio.io/rev": "default",
                    "operator.istio.io/component": "Pilot",
                    "operator.istio.io/managed": "Reconcile",
                    "operator.istio.io/version": "1.15.1",
                    "release": "istio"
                },
                "annotations": {
                    "kubectl.kubernetes.io/last-applied-configuration": "{\"apiVersion\":\"v1\",\"kind\":\"Service\",\"metadata\":{\"annotations\":{},\"labels\":{\"app\":\"istiod\",\"install.operator.istio.io/owning-resource\":\"unknown\",\"install.operator.istio.io/owning-resource-namespace\":\"istio-system\",\"istio\":\"pilot\",\"istio.io/rev\":\"default\",\"operator.istio.io/component\":\"Pilot\",\"operator.istio.io/managed\":\"Reconcile\",\"operator.istio.io/version\":\"1.15.1\",\"release\":\"istio\"},\"name\":\"istiod\",\"namespace\":\"istio-system\"},\"spec\":{\"ports\":[{\"name\":\"grpc-xds\",\"port\":15010,\"protocol\":\"TCP\"},{\"name\":\"https-dns\",\"port\":15012,\"protocol\":\"TCP\"},{\"name\":\"https-webhook\",\"port\":443,\"protocol\":\"TCP\",\"targetPort\":15017},{\"name\":\"http-monitoring\",\"port\":15014,\"protocol\":\"TCP\"}],\"selector\":{\"app\":\"istiod\",\"istio\":\"pilot\"}}}\n"
                }
            },
            "spec": {
                "ports": [
                    {
                        "name": "grpc-xds",
                        "protocol": "TCP",
                        "port": 15010,
                        "targetPort": 15010
                    },
                    {
                        "name": "https-dns",
                        "protocol": "TCP",
                        "port": 15012,
                        "targetPort": 15012
                    },
                    {
                        "name": "https-webhook",
                        "protocol": "TCP",
                        "port": 443,
                        "targetPort": 15017
                    },
                    {
                        "name": "http-monitoring",
                        "protocol": "TCP",
                        "port": 15014,
                        "targetPort": 15014
                    }
                ],
                "selector": {
                    "app": "istiod",
                    "istio": "pilot"
                },
                "clusterIP": "10.96.26.58",
                "clusterIPs": [
                    "10.96.26.58"
                ],
                "type": "ClusterIP",
                "sessionAffinity": "None",
                "ipFamilies": [
                    "IPv4"
                ],
                "ipFamilyPolicy": "SingleStack",
                "internalTrafficPolicy": "Cluster"
            },
            "status": {
                "loadBalancer": {}
            }
        }
    ]
}
