{
    "kind": "DaemonSetList",
    "apiVersion": "apps/v1",
    "metadata": {
        "resourceVersion": "10904"
    },
    "items": [
        {
            "metadata": {
                "name": "spire-agent",
                "namespace": "spire",
                "uid": "694d8d64-fb98-4b79-90de-aa424cd79bc5",
                "resourceVersion": "744",
                "generation": 1,
                "creationTimestamp": "2022-11-23T05:43:21Z",
                "labels": {
                    "app": "spire-agent"
                },
                "annotations": {
                    "deprecated.daemonset.template.generation": "1",
                    "kubectl.kubernetes.io/last-applied-configuration": "{\"apiVersion\":\"apps/v1\",\"kind\":\"DaemonSet\",\"metadata\":{\"annotations\":{},\"labels\":{\"app\":\"spire-agent\"},\"name\":\"spire-agent\",\"namespace\":\"spire\"},\"spec\":{\"selector\":{\"matchLabels\":{\"app\":\"spire-agent\"}},\"template\":{\"metadata\":{\"labels\":{\"app\":\"spire-agent\"},\"namespace\":\"spire\"},\"spec\":{\"containers\":[{\"args\":[\"-config\",\"/run/spire/config/agent.conf\"],\"image\":\"gcr.io/spiffe-io/spire-agent:1.2.3\",\"livenessProbe\":{\"exec\":{\"command\":[\"/opt/spire/bin/spire-agent\",\"healthcheck\",\"-socketPath\",\"/run/spire/sockets/agent.sock\"]},\"failureThreshold\":2,\"initialDelaySeconds\":15,\"periodSeconds\":60,\"timeoutSeconds\":3},\"name\":\"spire-agent\",\"readinessProbe\":{\"exec\":{\"command\":[\"/opt/spire/bin/spire-agent\",\"healthcheck\",\"-socketPath\",\"/run/spire/sockets/agent.sock\",\"--shallow\"]},\"initialDelaySeconds\":5,\"periodSeconds\":5},\"volumeMounts\":[{\"mountPath\":\"/run/spire/config\",\"name\":\"spire-config\",\"readOnly\":true},{\"mountPath\":\"/run/spire/bundle\",\"name\":\"spire-bundle\"},{\"mountPath\":\"/run/spire/sockets\",\"name\":\"spire-agent-socket\",\"readOnly\":false},{\"mountPath\":\"/var/run/secrets/tokens\",\"name\":\"spire-token\"}]}],\"dnsPolicy\":\"ClusterFirstWithHostNet\",\"hostNetwork\":true,\"hostPID\":true,\"initContainers\":[{\"args\":[\"-t\",\"30\",\"spire-server:8081\"],\"image\":\"gcr.io/spiffe-io/wait-for-it\",\"imagePullPolicy\":\"IfNotPresent\",\"name\":\"init\"},{\"command\":[\"sh\",\"-c\",\"t=0; until [ -f /run/spire/bundle/bundle.crt 2\\u003e\\u00261 ] || [ $t -eq 60 ]; do t=`expr $t + 1`; sleep 1; done\"],\"image\":\"gcr.io/spiffe-io/wait-for-it\",\"imagePullPolicy\":\"IfNotPresent\",\"name\":\"init-bundle\",\"volumeMounts\":[{\"mountPath\":\"/run/spire/bundle\",\"name\":\"spire-bundle\"}]}],\"serviceAccountName\":\"spire-agent\",\"volumes\":[{\"configMap\":{\"name\":\"spire-agent\"},\"name\":\"spire-config\"},{\"configMap\":{\"name\":\"spire-bundle\"},\"name\":\"spire-bundle\"},{\"hostPath\":{\"path\":\"/run/spire/sockets\",\"type\":\"DirectoryOrCreate\"},\"name\":\"spire-agent-socket\"},{\"name\":\"spire-token\",\"projected\":{\"sources\":[{\"serviceAccountToken\":{\"audience\":\"spire-server\",\"expirationSeconds\":7200,\"path\":\"spire-agent\"}}]}}]}}}}\n"
                }
            },
            "spec": {
                "selector": {
                    "matchLabels": {
                        "app": "spire-agent"
                    }
                },
                "template": {
                    "metadata": {
                        "namespace": "spire",
                        "creationTimestamp": null,
                        "labels": {
                            "app": "spire-agent"
                        }
                    },
                    "spec": {
                        "volumes": [
                            {
                                "name": "spire-config",
                                "configMap": {
                                    "name": "spire-agent",
                                    "defaultMode": 420
                                }
                            },
                            {
                                "name": "spire-bundle",
                                "configMap": {
                                    "name": "spire-bundle",
                                    "defaultMode": 420
                                }
                            },
                            {
                                "name": "spire-agent-socket",
                                "hostPath": {
                                    "path": "/run/spire/sockets",
                                    "type": "DirectoryOrCreate"
                                }
                            },
                            {
                                "name": "spire-token",
                                "projected": {
                                    "sources": [
                                        {
                                            "serviceAccountToken": {
                                                "audience": "spire-server",
                                                "expirationSeconds": 7200,
                                                "path": "spire-agent"
                                            }
                                        }
                                    ],
                                    "defaultMode": 420
                                }
                            }
                        ],
                        "initContainers": [
                            {
                                "name": "init",
                                "image": "gcr.io/spiffe-io/wait-for-it",
                                "args": [
                                    "-t",
                                    "30",
                                    "spire-server:8081"
                                ],
                                "resources": {},
                                "terminationMessagePath": "/dev/termination-log",
                                "terminationMessagePolicy": "File",
                                "imagePullPolicy": "IfNotPresent"
                            },
                            {
                                "name": "init-bundle",
                                "image": "gcr.io/spiffe-io/wait-for-it",
                                "command": [
                                    "sh",
                                    "-c",
                                    "t=0; until [ -f /run/spire/bundle/bundle.crt 2\u003e\u00261 ] || [ $t -eq 60 ]; do t=`expr $t + 1`; sleep 1; done"
                                ],
                                "resources": {},
                                "volumeMounts": [
                                    {
                                        "name": "spire-bundle",
                                        "mountPath": "/run/spire/bundle"
                                    }
                                ],
                                "terminationMessagePath": "/dev/termination-log",
                                "terminationMessagePolicy": "File",
                                "imagePullPolicy": "IfNotPresent"
                            }
                        ],
                        "containers": [
                            {
                                "name": "spire-agent",
                                "image": "gcr.io/spiffe-io/spire-agent:1.2.3",
                                "args": [
                                    "-config",
                                    "/run/spire/config/agent.conf"
                                ],
                                "resources": {},
                                "volumeMounts": [
                                    {
                                        "name": "spire-config",
                                        "readOnly": true,
                                        "mountPath": "/run/spire/config"
                                    },
                                    {
                                        "name": "spire-bundle",
                                        "mountPath": "/run/spire/bundle"
                                    },
                                    {
                                        "name": "spire-agent-socket",
                                        "mountPath": "/run/spire/sockets"
                                    },
                                    {
                                        "name": "spire-token",
                                        "mountPath": "/var/run/secrets/tokens"
                                    }
                                ],
                                "livenessProbe": {
                                    "exec": {
                                        "command": [
                                            "/opt/spire/bin/spire-agent",
                                            "healthcheck",
                                            "-socketPath",
                                            "/run/spire/sockets/agent.sock"
                                        ]
                                    },
                                    "initialDelaySeconds": 15,
                                    "timeoutSeconds": 3,
                                    "periodSeconds": 60,
                                    "successThreshold": 1,
                                    "failureThreshold": 2
                                },
                                "readinessProbe": {
                                    "exec": {
                                        "command": [
                                            "/opt/spire/bin/spire-agent",
                                            "healthcheck",
                                            "-socketPath",
                                            "/run/spire/sockets/agent.sock",
                                            "--shallow"
                                        ]
                                    },
                                    "initialDelaySeconds": 5,
                                    "timeoutSeconds": 1,
                                    "periodSeconds": 5,
                                    "successThreshold": 1,
                                    "failureThreshold": 3
                                },
                                "terminationMessagePath": "/dev/termination-log",
                                "terminationMessagePolicy": "File",
                                "imagePullPolicy": "IfNotPresent"
                            }
                        ],
                        "restartPolicy": "Always",
                        "terminationGracePeriodSeconds": 30,
                        "dnsPolicy": "ClusterFirstWithHostNet",
                        "serviceAccountName": "spire-agent",
                        "serviceAccount": "spire-agent",
                        "hostNetwork": true,
                        "hostPID": true,
                        "securityContext": {},
                        "schedulerName": "default-scheduler"
                    }
                },
                "updateStrategy": {
                    "type": "RollingUpdate",
                    "rollingUpdate": {
                        "maxUnavailable": 1,
                        "maxSurge": 0
                    }
                },
                "revisionHistoryLimit": 10
            },
            "status": {
                "currentNumberScheduled": 1,
                "numberMisscheduled": 0,
                "desiredNumberScheduled": 1,
                "numberReady": 1,
                "observedGeneration": 1,
                "updatedNumberScheduled": 1,
                "numberAvailable": 1
            }
        }
    ]
}
