{
    "kind": "ServiceList",
    "apiVersion": "v1",
    "metadata": {
        "resourceVersion": "10904"
    },
    "items": [
        {
            "metadata": {
                "name": "k8s-workload-registrar",
                "namespace": "spire",
                "uid": "7ad67ad4-843a-4ce3-a914-27d93b5c9886",
                "resourceVersion": "640",
                "creationTimestamp": "2022-11-23T05:43:20Z",
                "annotations": {
                    "kubectl.kubernetes.io/last-applied-configuration": "{\"apiVersion\":\"v1\",\"kind\":\"Service\",\"metadata\":{\"annotations\":{},\"name\":\"k8s-workload-registrar\",\"namespace\":\"spire\"},\"spec\":{\"ports\":[{\"name\":\"webhook\",\"port\":443,\"protocol\":\"TCP\",\"targetPort\":9443}],\"selector\":{\"app\":\"spire-server\"},\"type\":\"ClusterIP\"}}\n"
                }
            },
            "spec": {
                "ports": [
                    {
                        "name": "webhook",
                        "protocol": "TCP",
                        "port": 443,
                        "targetPort": 9443
                    }
                ],
                "selector": {
                    "app": "spire-server"
                },
                "clusterIP": "10.96.134.60",
                "clusterIPs": [
                    "10.96.134.60"
                ],
                "type": "ClusterIP",
                "sessionAffinity": "None",
                "ipFamilies": [
                    "IPv4"
                ],
                "ipFamilyPolicy": "SingleStack",
                "internalTrafficPolicy": "Cluster"
            },
            "status": {
                "loadBalancer": {}
            }
        },
        {
            "metadata": {
                "name": "spire-server",
                "namespace": "spire",
                "uid": "b556d28b-d15f-46c8-adc4-8af963e82979",
                "resourceVersion": "646",
                "creationTimestamp": "2022-11-23T05:43:20Z",
                "annotations": {
                    "kubectl.kubernetes.io/last-applied-configuration": "{\"apiVersion\":\"v1\",\"kind\":\"Service\",\"metadata\":{\"annotations\":{},\"name\":\"spire-server\",\"namespace\":\"spire\"},\"spec\":{\"ports\":[{\"name\":\"spire-server\",\"port\":8081,\"protocol\":\"TCP\",\"targetPort\":8081},{\"name\":\"spire-federation\",\"port\":8443,\"protocol\":\"TCP\",\"targetPort\":8443}],\"selector\":{\"app\":\"spire-server\"},\"type\":\"LoadBalancer\"}}\n"
                }
            },
            "spec": {
                "ports": [
                    {
                        "name": "spire-server",
                        "protocol": "TCP",
                        "port": 8081,
                        "targetPort": 8081,
                        "nodePort": 31995
                    },
                    {
                        "name": "spire-federation",
                        "protocol": "TCP",
                        "port": 8443,
                        "targetPort": 8443,
                        "nodePort": 32084
                    }
                ],
                "selector": {
                    "app": "spire-server"
                },
                "clusterIP": "10.96.129.91",
                "clusterIPs": [
                    "10.96.129.91"
                ],
                "type": "LoadBalancer",
                "sessionAffinity": "None",
                "externalTrafficPolicy": "Cluster",
                "ipFamilies": [
                    "IPv4"
                ],
                "ipFamilyPolicy": "SingleStack",
                "allocateLoadBalancerNodePorts": true,
                "internalTrafficPolicy": "Cluster"
            },
            "status": {
                "loadBalancer": {}
            }
        }
    ]
}
