{
    "kind": "DaemonSetList",
    "apiVersion": "apps/v1",
    "metadata": {
        "resourceVersion": "10883"
    },
    "items": [
        {
            "metadata": {
                "name": "forwarder-vpp",
                "namespace": "nsm-system",
                "uid": "5b15e688-9b25-4613-b3f5-5e6d31076e90",
                "resourceVersion": "985",
                "generation": 1,
                "creationTimestamp": "2022-11-23T05:44:54Z",
                "labels": {
                    "app": "forwarder-vpp"
                },
                "annotations": {
                    "deprecated.daemonset.template.generation": "1",
                    "kubectl.kubernetes.io/last-applied-configuration": "{\"apiVersion\":\"apps/v1\",\"kind\":\"DaemonSet\",\"metadata\":{\"annotations\":{},\"labels\":{\"app\":\"forwarder-vpp\"},\"name\":\"forwarder-vpp\",\"namespace\":\"nsm-system\"},\"spec\":{\"selector\":{\"matchLabels\":{\"app\":\"forwarder-vpp\"}},\"template\":{\"metadata\":{\"labels\":{\"app\":\"forwarder-vpp\",\"spiffe.io/spiffe-id\":\"true\"}},\"spec\":{\"containers\":[{\"env\":[{\"name\":\"SPIFFE_ENDPOINT_SOCKET\",\"value\":\"unix:///run/spire/sockets/agent.sock\"},{\"name\":\"NSM_LOG_LEVEL\",\"value\":\"TRACE\"},{\"name\":\"NSM_TUNNEL_IP\",\"valueFrom\":{\"fieldRef\":{\"fieldPath\":\"status.podIP\"}}},{\"name\":\"NSM_CONNECT_TO\",\"value\":\"unix:///var/lib/networkservicemesh/nsm.io.sock\"},{\"name\":\"NSM_LISTEN_ON\",\"value\":\"unix:///listen.on.sock\"},{\"name\":\"NSM_NAME\",\"valueFrom\":{\"fieldRef\":{\"fieldPath\":\"metadata.name\"}}}],\"image\":\"ghcr.io/networkservicemesh/ci/cmd-forwarder-vpp:a9bc9d5\",\"imagePullPolicy\":\"IfNotPresent\",\"livenessProbe\":{\"exec\":{\"command\":[\"/bin/grpc-health-probe\",\"-spiffe\",\"-addr=unix:///listen.on.sock\"]},\"failureThreshold\":25,\"initialDelaySeconds\":10,\"periodSeconds\":5,\"timeoutSeconds\":2},\"name\":\"forwarder-vpp\",\"readinessProbe\":{\"exec\":{\"command\":[\"/bin/grpc-health-probe\",\"-spiffe\",\"-addr=unix:///listen.on.sock\"]},\"failureThreshold\":120,\"initialDelaySeconds\":1,\"periodSeconds\":1,\"successThreshold\":1,\"timeoutSeconds\":2},\"resources\":{\"limits\":{\"cpu\":\"525m\",\"memory\":\"500Mi\"},\"requests\":{\"cpu\":\"150m\"}},\"securityContext\":{\"privileged\":true},\"startupProbe\":{\"exec\":{\"command\":[\"/bin/grpc-health-probe\",\"-spiffe\",\"-addr=unix:///listen.on.sock\"]},\"failureThreshold\":25,\"periodSeconds\":5},\"volumeMounts\":[{\"mountPath\":\"/run/spire/sockets\",\"name\":\"spire-agent-socket\",\"readOnly\":true},{\"mountPath\":\"/var/lib/networkservicemesh\",\"name\":\"nsm-socket\"},{\"mountPath\":\"/var/lib/kubelet\",\"name\":\"kubelet-socket\"},{\"mountPath\":\"/host/sys/fs/cgroup\",\"name\":\"cgroup\"},{\"mountPath\":\"/host/dev/vfio\",\"name\":\"vfio\"},{\"mountPath\":\"/var/run/vpp/external\",\"name\":\"vpp\"}]}],\"dnsPolicy\":\"ClusterFirstWithHostNet\",\"hostNetwork\":true,\"hostPID\":true,\"volumes\":[{\"hostPath\":{\"path\":\"/run/spire/sockets\",\"type\":\"Directory\"},\"name\":\"spire-agent-socket\"},{\"hostPath\":{\"path\":\"/var/lib/networkservicemesh\",\"type\":\"DirectoryOrCreate\"},\"name\":\"nsm-socket\"},{\"hostPath\":{\"path\":\"/var/lib/kubelet\",\"type\":\"Directory\"},\"name\":\"kubelet-socket\"},{\"hostPath\":{\"path\":\"/sys/fs/cgroup\",\"type\":\"Directory\"},\"name\":\"cgroup\"},{\"hostPath\":{\"path\":\"/dev/vfio\",\"type\":\"DirectoryOrCreate\"},\"name\":\"vfio\"},{\"hostPath\":{\"path\":\"/var/run/vpp\",\"type\":\"DirectoryOrCreate\"},\"name\":\"vpp\"}]}}}}\n"
                }
            },
            "spec": {
                "selector": {
                    "matchLabels": {
                        "app": "forwarder-vpp"
                    }
                },
                "template": {
                    "metadata": {
                        "creationTimestamp": null,
                        "labels": {
                            "app": "forwarder-vpp",
                            "spiffe.io/spiffe-id": "true"
                        }
                    },
                    "spec": {
                        "volumes": [
                            {
                                "name": "spire-agent-socket",
                                "hostPath": {
                                    "path": "/run/spire/sockets",
                                    "type": "Directory"
                                }
                            },
                            {
                                "name": "nsm-socket",
                                "hostPath": {
                                    "path": "/var/lib/networkservicemesh",
                                    "type": "DirectoryOrCreate"
                                }
                            },
                            {
                                "name": "kubelet-socket",
                                "hostPath": {
                                    "path": "/var/lib/kubelet",
                                    "type": "Directory"
                                }
                            },
                            {
                                "name": "cgroup",
                                "hostPath": {
                                    "path": "/sys/fs/cgroup",
                                    "type": "Directory"
                                }
                            },
                            {
                                "name": "vfio",
                                "hostPath": {
                                    "path": "/dev/vfio",
                                    "type": "DirectoryOrCreate"
                                }
                            },
                            {
                                "name": "vpp",
                                "hostPath": {
                                    "path": "/var/run/vpp",
                                    "type": "DirectoryOrCreate"
                                }
                            }
                        ],
                        "containers": [
                            {
                                "name": "forwarder-vpp",
                                "image": "ghcr.io/networkservicemesh/ci/cmd-forwarder-vpp:a9bc9d5",
                                "env": [
                                    {
                                        "name": "SPIFFE_ENDPOINT_SOCKET",
                                        "value": "unix:///run/spire/sockets/agent.sock"
                                    },
                                    {
                                        "name": "NSM_LOG_LEVEL",
                                        "value": "TRACE"
                                    },
                                    {
                                        "name": "NSM_TUNNEL_IP",
                                        "valueFrom": {
                                            "fieldRef": {
                                                "apiVersion": "v1",
                                                "fieldPath": "status.podIP"
                                            }
                                        }
                                    },
                                    {
                                        "name": "NSM_CONNECT_TO",
                                        "value": "unix:///var/lib/networkservicemesh/nsm.io.sock"
                                    },
                                    {
                                        "name": "NSM_LISTEN_ON",
                                        "value": "unix:///listen.on.sock"
                                    },
                                    {
                                        "name": "NSM_NAME",
                                        "valueFrom": {
                                            "fieldRef": {
                                                "apiVersion": "v1",
                                                "fieldPath": "metadata.name"
                                            }
                                        }
                                    }
                                ],
                                "resources": {
                                    "limits": {
                                        "cpu": "525m",
                                        "memory": "500Mi"
                                    },
                                    "requests": {
                                        "cpu": "150m"
                                    }
                                },
                                "volumeMounts": [
                                    {
                                        "name": "spire-agent-socket",
                                        "readOnly": true,
                                        "mountPath": "/run/spire/sockets"
                                    },
                                    {
                                        "name": "nsm-socket",
                                        "mountPath": "/var/lib/networkservicemesh"
                                    },
                                    {
                                        "name": "kubelet-socket",
                                        "mountPath": "/var/lib/kubelet"
                                    },
                                    {
                                        "name": "cgroup",
                                        "mountPath": "/host/sys/fs/cgroup"
                                    },
                                    {
                                        "name": "vfio",
                                        "mountPath": "/host/dev/vfio"
                                    },
                                    {
                                        "name": "vpp",
                                        "mountPath": "/var/run/vpp/external"
                                    }
                                ],
                                "livenessProbe": {
                                    "exec": {
                                        "command": [
                                            "/bin/grpc-health-probe",
                                            "-spiffe",
                                            "-addr=unix:///listen.on.sock"
                                        ]
                                    },
                                    "initialDelaySeconds": 10,
                                    "timeoutSeconds": 2,
                                    "periodSeconds": 5,
                                    "successThreshold": 1,
                                    "failureThreshold": 25
                                },
                                "readinessProbe": {
                                    "exec": {
                                        "command": [
                                            "/bin/grpc-health-probe",
                                            "-spiffe",
                                            "-addr=unix:///listen.on.sock"
                                        ]
                                    },
                                    "initialDelaySeconds": 1,
                                    "timeoutSeconds": 2,
                                    "periodSeconds": 1,
                                    "successThreshold": 1,
                                    "failureThreshold": 120
                                },
                                "startupProbe": {
                                    "exec": {
                                        "command": [
                                            "/bin/grpc-health-probe",
                                            "-spiffe",
                                            "-addr=unix:///listen.on.sock"
                                        ]
                                    },
                                    "timeoutSeconds": 1,
                                    "periodSeconds": 5,
                                    "successThreshold": 1,
                                    "failureThreshold": 25
                                },
                                "terminationMessagePath": "/dev/termination-log",
                                "terminationMessagePolicy": "File",
                                "imagePullPolicy": "IfNotPresent",
                                "securityContext": {
                                    "privileged": true
                                }
                            }
                        ],
                        "restartPolicy": "Always",
                        "terminationGracePeriodSeconds": 30,
                        "dnsPolicy": "ClusterFirstWithHostNet",
                        "hostNetwork": true,
                        "hostPID": true,
                        "securityContext": {},
                        "schedulerName": "default-scheduler"
                    }
                },
                "updateStrategy": {
                    "type": "RollingUpdate",
                    "rollingUpdate": {
                        "maxUnavailable": 1,
                        "maxSurge": 0
                    }
                },
                "revisionHistoryLimit": 10
            },
            "status": {
                "currentNumberScheduled": 1,
                "numberMisscheduled": 0,
                "desiredNumberScheduled": 1,
                "numberReady": 1,
                "observedGeneration": 1,
                "updatedNumberScheduled": 1,
                "numberAvailable": 1
            }
        },
        {
            "metadata": {
                "name": "nsmgr",
                "namespace": "nsm-system",
                "uid": "7154acb7-0607-4b10-9bbf-3b6dfd192b02",
                "resourceVersion": "990",
                "generation": 1,
                "creationTimestamp": "2022-11-23T05:44:55Z",
                "labels": {
                    "app": "nsmgr"
                },
                "annotations": {
                    "deprecated.daemonset.template.generation": "1",
                    "kubectl.kubernetes.io/last-applied-configuration": "{\"apiVersion\":\"apps/v1\",\"kind\":\"DaemonSet\",\"metadata\":{\"annotations\":{},\"labels\":{\"app\":\"nsmgr\"},\"name\":\"nsmgr\",\"namespace\":\"nsm-system\"},\"spec\":{\"selector\":{\"matchLabels\":{\"app\":\"nsmgr\"}},\"template\":{\"metadata\":{\"labels\":{\"app\":\"nsmgr\",\"spiffe.io/spiffe-id\":\"true\"}},\"spec\":{\"containers\":[{\"env\":[{\"name\":\"SPIFFE_ENDPOINT_SOCKET\",\"value\":\"unix:///run/spire/sockets/agent.sock\"},{\"name\":\"NSM_NAME\",\"valueFrom\":{\"fieldRef\":{\"fieldPath\":\"metadata.name\"}}},{\"name\":\"NSM_LOG_LEVEL\",\"value\":\"TRACE\"},{\"name\":\"NSM_REGISTRY_URL\",\"value\":\"registry:5002\"},{\"name\":\"POD_IP\",\"valueFrom\":{\"fieldRef\":{\"fieldPath\":\"status.podIP\"}}},{\"name\":\"NSM_LISTEN_ON\",\"value\":\"unix:///var/lib/networkservicemesh/nsm.io.sock,tcp://[$(POD_IP)]:5001\"},{\"name\":\"NODE_NAME\",\"valueFrom\":{\"fieldRef\":{\"fieldPath\":\"spec.nodeName\"}}}],\"image\":\"ghcr.io/networkservicemesh/ci/cmd-nsmgr:6fb0fc1\",\"imagePullPolicy\":\"IfNotPresent\",\"livenessProbe\":{\"exec\":{\"command\":[\"/bin/grpc-health-probe\",\"-spiffe\",\"-addr=unix:///var/lib/networkservicemesh/nsm.io.sock\"]},\"failureThreshold\":25,\"initialDelaySeconds\":10,\"periodSeconds\":5,\"timeoutSeconds\":2},\"name\":\"nsmgr\",\"ports\":[{\"containerPort\":5001,\"hostPort\":5001}],\"readinessProbe\":{\"exec\":{\"command\":[\"/bin/grpc-health-probe\",\"-spiffe\",\"-addr=unix:///var/lib/networkservicemesh/nsm.io.sock\"]},\"failureThreshold\":120,\"initialDelaySeconds\":1,\"periodSeconds\":1,\"successThreshold\":1,\"timeoutSeconds\":2},\"resources\":{\"limits\":{\"cpu\":\"400m\",\"memory\":\"200Mi\"},\"requests\":{\"cpu\":\"200m\",\"memory\":\"100Mi\"}},\"startupProbe\":{\"exec\":{\"command\":[\"/bin/grpc-health-probe\",\"-spiffe\",\"-addr=unix:///var/lib/networkservicemesh/nsm.io.sock\"]},\"failureThreshold\":25,\"periodSeconds\":5},\"volumeMounts\":[{\"mountPath\":\"/run/spire/sockets\",\"name\":\"spire-agent-socket\",\"readOnly\":true},{\"mountPath\":\"/var/lib/networkservicemesh\",\"name\":\"nsm-socket\"},{\"mountPath\":\"/var/lib/networkservicemesh/config/\",\"name\":\"exclude-prefixes-volume\"}]},{\"env\":[{\"name\":\"NSM_LOG_LEVEL\",\"value\":\"TRACE\"}],\"image\":\"ghcr.io/networkservicemesh/ci/cmd-exclude-prefixes-k8s:11770b8\",\"imagePullPolicy\":\"IfNotPresent\",\"name\":\"exclude-prefixes\",\"resources\":{\"limits\":{\"cpu\":\"75m\",\"memory\":\"40Mi\"}},\"volumeMounts\":[{\"mountPath\":\"/var/lib/networkservicemesh/config/\",\"name\":\"exclude-prefixes-volume\"}]}],\"serviceAccount\":\"nsmgr-sa\",\"volumes\":[{\"hostPath\":{\"path\":\"/run/spire/sockets\",\"type\":\"Directory\"},\"name\":\"spire-agent-socket\"},{\"hostPath\":{\"path\":\"/var/lib/networkservicemesh\",\"type\":\"DirectoryOrCreate\"},\"name\":\"nsm-socket\"},{\"emptyDir\":{},\"name\":\"exclude-prefixes-volume\"}]}}}}\n"
                }
            },
            "spec": {
                "selector": {
                    "matchLabels": {
                        "app": "nsmgr"
                    }
                },
                "template": {
                    "metadata": {
                        "creationTimestamp": null,
                        "labels": {
                            "app": "nsmgr",
                            "spiffe.io/spiffe-id": "true"
                        }
                    },
                    "spec": {
                        "volumes": [
                            {
                                "name": "spire-agent-socket",
                                "hostPath": {
                                    "path": "/run/spire/sockets",
                                    "type": "Directory"
                                }
                            },
                            {
                                "name": "nsm-socket",
                                "hostPath": {
                                    "path": "/var/lib/networkservicemesh",
                                    "type": "DirectoryOrCreate"
                                }
                            },
                            {
                                "name": "exclude-prefixes-volume",
                                "emptyDir": {}
                            }
                        ],
                        "containers": [
                            {
                                "name": "nsmgr",
                                "image": "ghcr.io/networkservicemesh/ci/cmd-nsmgr:6fb0fc1",
                                "ports": [
                                    {
                                        "hostPort": 5001,
                                        "containerPort": 5001,
                                        "protocol": "TCP"
                                    }
                                ],
                                "env": [
                                    {
                                        "name": "SPIFFE_ENDPOINT_SOCKET",
                                        "value": "unix:///run/spire/sockets/agent.sock"
                                    },
                                    {
                                        "name": "NSM_NAME",
                                        "valueFrom": {
                                            "fieldRef": {
                                                "apiVersion": "v1",
                                                "fieldPath": "metadata.name"
                                            }
                                        }
                                    },
                                    {
                                        "name": "NSM_LOG_LEVEL",
                                        "value": "TRACE"
                                    },
                                    {
                                        "name": "NSM_REGISTRY_URL",
                                        "value": "registry:5002"
                                    },
                                    {
                                        "name": "POD_IP",
                                        "valueFrom": {
                                            "fieldRef": {
                                                "apiVersion": "v1",
                                                "fieldPath": "status.podIP"
                                            }
                                        }
                                    },
                                    {
                                        "name": "NSM_LISTEN_ON",
                                        "value": "unix:///var/lib/networkservicemesh/nsm.io.sock,tcp://[$(POD_IP)]:5001"
                                    },
                                    {
                                        "name": "NODE_NAME",
                                        "valueFrom": {
                                            "fieldRef": {
                                                "apiVersion": "v1",
                                                "fieldPath": "spec.nodeName"
                                            }
                                        }
                                    }
                                ],
                                "resources": {
                                    "limits": {
                                        "cpu": "400m",
                                        "memory": "200Mi"
                                    },
                                    "requests": {
                                        "cpu": "200m",
                                        "memory": "100Mi"
                                    }
                                },
                                "volumeMounts": [
                                    {
                                        "name": "spire-agent-socket",
                                        "readOnly": true,
                                        "mountPath": "/run/spire/sockets"
                                    },
                                    {
                                        "name": "nsm-socket",
                                        "mountPath": "/var/lib/networkservicemesh"
                                    },
                                    {
                                        "name": "exclude-prefixes-volume",
                                        "mountPath": "/var/lib/networkservicemesh/config/"
                                    }
                                ],
                                "livenessProbe": {
                                    "exec": {
                                        "command": [
                                            "/bin/grpc-health-probe",
                                            "-spiffe",
                                            "-addr=unix:///var/lib/networkservicemesh/nsm.io.sock"
                                        ]
                                    },
                                    "initialDelaySeconds": 10,
                                    "timeoutSeconds": 2,
                                    "periodSeconds": 5,
                                    "successThreshold": 1,
                                    "failureThreshold": 25
                                },
                                "readinessProbe": {
                                    "exec": {
                                        "command": [
                                            "/bin/grpc-health-probe",
                                            "-spiffe",
                                            "-addr=unix:///var/lib/networkservicemesh/nsm.io.sock"
                                        ]
                                    },
                                    "initialDelaySeconds": 1,
                                    "timeoutSeconds": 2,
                                    "periodSeconds": 1,
                                    "successThreshold": 1,
                                    "failureThreshold": 120
                                },
                                "startupProbe": {
                                    "exec": {
                                        "command": [
                                            "/bin/grpc-health-probe",
                                            "-spiffe",
                                            "-addr=unix:///var/lib/networkservicemesh/nsm.io.sock"
                                        ]
                                    },
                                    "timeoutSeconds": 1,
                                    "periodSeconds": 5,
                                    "successThreshold": 1,
                                    "failureThreshold": 25
                                },
                                "terminationMessagePath": "/dev/termination-log",
                                "terminationMessagePolicy": "File",
                                "imagePullPolicy": "IfNotPresent"
                            },
                            {
                                "name": "exclude-prefixes",
                                "image": "ghcr.io/networkservicemesh/ci/cmd-exclude-prefixes-k8s:11770b8",
                                "env": [
                                    {
                                        "name": "NSM_LOG_LEVEL",
                                        "value": "TRACE"
                                    }
                                ],
                                "resources": {
                                    "limits": {
                                        "cpu": "75m",
                                        "memory": "40Mi"
                                    }
                                },
                                "volumeMounts": [
                                    {
                                        "name": "exclude-prefixes-volume",
                                        "mountPath": "/var/lib/networkservicemesh/config/"
                                    }
                                ],
                                "terminationMessagePath": "/dev/termination-log",
                                "terminationMessagePolicy": "File",
                                "imagePullPolicy": "IfNotPresent"
                            }
                        ],
                        "restartPolicy": "Always",
                        "terminationGracePeriodSeconds": 30,
                        "dnsPolicy": "ClusterFirst",
                        "serviceAccountName": "nsmgr-sa",
                        "serviceAccount": "nsmgr-sa",
                        "securityContext": {},
                        "schedulerName": "default-scheduler"
                    }
                },
                "updateStrategy": {
                    "type": "RollingUpdate",
                    "rollingUpdate": {
                        "maxUnavailable": 1,
                        "maxSurge": 0
                    }
                },
                "revisionHistoryLimit": 10
            },
            "status": {
                "currentNumberScheduled": 1,
                "numberMisscheduled": 0,
                "desiredNumberScheduled": 1,
                "numberReady": 1,
                "observedGeneration": 1,
                "updatedNumberScheduled": 1,
                "numberAvailable": 1
            }
        }
    ]
}
