{
    "kind": "DeploymentList",
    "apiVersion": "apps/v1",
    "metadata": {
        "resourceVersion": "10884"
    },
    "items": [
        {
            "metadata": {
                "name": "admission-webhook-k8s",
                "namespace": "nsm-system",
                "uid": "dfc738f5-7944-4399-b5c3-d136b32e2ebe",
                "resourceVersion": "943",
                "generation": 1,
                "creationTimestamp": "2022-11-23T05:44:53Z",
                "labels": {
                    "app": "admission-webhook-k8s"
                },
                "annotations": {
                    "deployment.kubernetes.io/revision": "1",
                    "kubectl.kubernetes.io/last-applied-configuration": "{\"apiVersion\":\"apps/v1\",\"kind\":\"Deployment\",\"metadata\":{\"annotations\":{},\"labels\":{\"app\":\"admission-webhook-k8s\"},\"name\":\"admission-webhook-k8s\",\"namespace\":\"nsm-system\"},\"spec\":{\"selector\":{\"matchLabels\":{\"app\":\"admission-webhook-k8s\"}},\"template\":{\"metadata\":{\"labels\":{\"app\":\"admission-webhook-k8s\"}},\"spec\":{\"containers\":[{\"env\":[{\"name\":\"SPIFFE_ENDPOINT_SOCKET\",\"value\":\"unix:///run/spire/sockets/agent.sock\"},{\"name\":\"NSM_SERVICE_NAME\",\"value\":\"admission-webhook-svc\"},{\"name\":\"NSM_NAME\",\"valueFrom\":{\"fieldRef\":{\"fieldPath\":\"metadata.name\"}}},{\"name\":\"NSM_NAMESPACE\",\"valueFrom\":{\"fieldRef\":{\"fieldPath\":\"metadata.namespace\"}}},{\"name\":\"NSM_ANNOTATION\",\"value\":\"networkservicemesh.io\"},{\"name\":\"NSM_CONTAINER_IMAGES\",\"value\":\"thetadr/cmd-nsc:dns-fix\"},{\"name\":\"NSM_INIT_CONTAINER_IMAGES\",\"value\":\"ghcr.io/networkservicemesh/ci/cmd-nsc-init:8f0a5f1\"},{\"name\":\"NSM_LABELS\",\"value\":\"spiffe.io/spiffe-id:true\"},{\"name\":\"NSM_ENVS\",\"value\":\"NSM_LOG_LEVEL=TRACE\"}],\"image\":\"thetadr/cmd-admission-webhook-k8s:fix2\",\"imagePullPolicy\":\"IfNotPresent\",\"name\":\"admission-webhook-k8s\",\"readinessProbe\":{\"httpGet\":{\"path\":\"/ready\",\"port\":443,\"scheme\":\"HTTPS\"}}}],\"serviceAccount\":\"admission-webhook-sa\"}}}}\n"
                }
            },
            "spec": {
                "replicas": 1,
                "selector": {
                    "matchLabels": {
                        "app": "admission-webhook-k8s"
                    }
                },
                "template": {
                    "metadata": {
                        "creationTimestamp": null,
                        "labels": {
                            "app": "admission-webhook-k8s"
                        }
                    },
                    "spec": {
                        "containers": [
                            {
                                "name": "admission-webhook-k8s",
                                "image": "thetadr/cmd-admission-webhook-k8s:fix2",
                                "env": [
                                    {
                                        "name": "SPIFFE_ENDPOINT_SOCKET",
                                        "value": "unix:///run/spire/sockets/agent.sock"
                                    },
                                    {
                                        "name": "NSM_SERVICE_NAME",
                                        "value": "admission-webhook-svc"
                                    },
                                    {
                                        "name": "NSM_NAME",
                                        "valueFrom": {
                                            "fieldRef": {
                                                "apiVersion": "v1",
                                                "fieldPath": "metadata.name"
                                            }
                                        }
                                    },
                                    {
                                        "name": "NSM_NAMESPACE",
                                        "valueFrom": {
                                            "fieldRef": {
                                                "apiVersion": "v1",
                                                "fieldPath": "metadata.namespace"
                                            }
                                        }
                                    },
                                    {
                                        "name": "NSM_ANNOTATION",
                                        "value": "networkservicemesh.io"
                                    },
                                    {
                                        "name": "NSM_CONTAINER_IMAGES",
                                        "value": "thetadr/cmd-nsc:dns-fix"
                                    },
                                    {
                                        "name": "NSM_INIT_CONTAINER_IMAGES",
                                        "value": "ghcr.io/networkservicemesh/ci/cmd-nsc-init:8f0a5f1"
                                    },
                                    {
                                        "name": "NSM_LABELS",
                                        "value": "spiffe.io/spiffe-id:true"
                                    },
                                    {
                                        "name": "NSM_ENVS",
                                        "value": "NSM_LOG_LEVEL=TRACE"
                                    }
                                ],
                                "resources": {},
                                "readinessProbe": {
                                    "httpGet": {
                                        "path": "/ready",
                                        "port": 443,
                                        "scheme": "HTTPS"
                                    },
                                    "timeoutSeconds": 1,
                                    "periodSeconds": 10,
                                    "successThreshold": 1,
                                    "failureThreshold": 3
                                },
                                "terminationMessagePath": "/dev/termination-log",
                                "terminationMessagePolicy": "File",
                                "imagePullPolicy": "IfNotPresent"
                            }
                        ],
                        "restartPolicy": "Always",
                        "terminationGracePeriodSeconds": 30,
                        "dnsPolicy": "ClusterFirst",
                        "serviceAccountName": "admission-webhook-sa",
                        "serviceAccount": "admission-webhook-sa",
                        "securityContext": {},
                        "schedulerName": "default-scheduler"
                    }
                },
                "strategy": {
                    "type": "RollingUpdate",
                    "rollingUpdate": {
                        "maxUnavailable": "25%",
                        "maxSurge": "25%"
                    }
                },
                "revisionHistoryLimit": 10,
                "progressDeadlineSeconds": 600
            },
            "status": {
                "observedGeneration": 1,
                "replicas": 1,
                "updatedReplicas": 1,
                "readyReplicas": 1,
                "availableReplicas": 1,
                "conditions": [
                    {
                        "type": "Available",
                        "status": "True",
                        "lastUpdateTime": "2022-11-23T05:44:56Z",
                        "lastTransitionTime": "2022-11-23T05:44:56Z",
                        "reason": "MinimumReplicasAvailable",
                        "message": "Deployment has minimum availability."
                    },
                    {
                        "type": "Progressing",
                        "status": "True",
                        "lastUpdateTime": "2022-11-23T05:44:56Z",
                        "lastTransitionTime": "2022-11-23T05:44:53Z",
                        "reason": "NewReplicaSetAvailable",
                        "message": "ReplicaSet \"admission-webhook-k8s-5c4dd8cfb6\" has successfully progressed."
                    }
                ]
            }
        },
        {
            "metadata": {
                "name": "registry-k8s",
                "namespace": "nsm-system",
                "uid": "c0738ec9-02e9-4080-b72a-ae0d00f5c9db",
                "resourceVersion": "954",
                "generation": 1,
                "creationTimestamp": "2022-11-23T05:44:54Z",
                "labels": {
                    "app": "registry"
                },
                "annotations": {
                    "deployment.kubernetes.io/revision": "1",
                    "kubectl.kubernetes.io/last-applied-configuration": "{\"apiVersion\":\"apps/v1\",\"kind\":\"Deployment\",\"metadata\":{\"annotations\":{},\"labels\":{\"app\":\"registry\"},\"name\":\"registry-k8s\",\"namespace\":\"nsm-system\"},\"spec\":{\"selector\":{\"matchLabels\":{\"app\":\"registry\"}},\"template\":{\"metadata\":{\"labels\":{\"app\":\"registry\",\"spiffe.io/spiffe-id\":\"true\"}},\"spec\":{\"containers\":[{\"env\":[{\"name\":\"SPIFFE_ENDPOINT_SOCKET\",\"value\":\"unix:///run/spire/sockets/agent.sock\"},{\"name\":\"REGISTRY_K8S_NAMESPACE\",\"valueFrom\":{\"fieldRef\":{\"fieldPath\":\"metadata.namespace\"}}},{\"name\":\"REGISTRY_K8S_LOG_LEVEL\",\"value\":\"TRACE\"},{\"name\":\"REGISTRY_K8S_LISTEN_ON\",\"value\":\"tcp://:5002\"},{\"name\":\"REGISTRY_K8S_PROXY_REGISTRY_URL\",\"value\":\"nsmgr-proxy:5004\"}],\"image\":\"ghcr.io/networkservicemesh/ci/cmd-registry-k8s:078a7e8\",\"imagePullPolicy\":\"IfNotPresent\",\"name\":\"registry\",\"ports\":[{\"containerPort\":5002,\"hostPort\":5002}],\"resources\":{\"limits\":{\"cpu\":\"200m\",\"memory\":\"40Mi\"},\"requests\":{\"cpu\":\"100m\"}},\"volumeMounts\":[{\"mountPath\":\"/run/spire/sockets\",\"name\":\"spire-agent-socket\"}]}],\"serviceAccountName\":\"registry-k8s-sa\",\"volumes\":[{\"hostPath\":{\"path\":\"/run/spire/sockets\",\"type\":\"Directory\"},\"name\":\"spire-agent-socket\"},{\"hostPath\":{\"path\":\"/var/lib/networkservicemesh\",\"type\":\"DirectoryOrCreate\"},\"name\":\"nsm-socket\"}]}}}}\n"
                }
            },
            "spec": {
                "replicas": 1,
                "selector": {
                    "matchLabels": {
                        "app": "registry"
                    }
                },
                "template": {
                    "metadata": {
                        "creationTimestamp": null,
                        "labels": {
                            "app": "registry",
                            "spiffe.io/spiffe-id": "true"
                        }
                    },
                    "spec": {
                        "volumes": [
                            {
                                "name": "spire-agent-socket",
                                "hostPath": {
                                    "path": "/run/spire/sockets",
                                    "type": "Directory"
                                }
                            },
                            {
                                "name": "nsm-socket",
                                "hostPath": {
                                    "path": "/var/lib/networkservicemesh",
                                    "type": "DirectoryOrCreate"
                                }
                            }
                        ],
                        "containers": [
                            {
                                "name": "registry",
                                "image": "ghcr.io/networkservicemesh/ci/cmd-registry-k8s:078a7e8",
                                "ports": [
                                    {
                                        "hostPort": 5002,
                                        "containerPort": 5002,
                                        "protocol": "TCP"
                                    }
                                ],
                                "env": [
                                    {
                                        "name": "SPIFFE_ENDPOINT_SOCKET",
                                        "value": "unix:///run/spire/sockets/agent.sock"
                                    },
                                    {
                                        "name": "REGISTRY_K8S_NAMESPACE",
                                        "valueFrom": {
                                            "fieldRef": {
                                                "apiVersion": "v1",
                                                "fieldPath": "metadata.namespace"
                                            }
                                        }
                                    },
                                    {
                                        "name": "REGISTRY_K8S_LOG_LEVEL",
                                        "value": "TRACE"
                                    },
                                    {
                                        "name": "REGISTRY_K8S_LISTEN_ON",
                                        "value": "tcp://:5002"
                                    },
                                    {
                                        "name": "REGISTRY_K8S_PROXY_REGISTRY_URL",
                                        "value": "nsmgr-proxy:5004"
                                    }
                                ],
                                "resources": {
                                    "limits": {
                                        "cpu": "200m",
                                        "memory": "40Mi"
                                    },
                                    "requests": {
                                        "cpu": "100m"
                                    }
                                },
                                "volumeMounts": [
                                    {
                                        "name": "spire-agent-socket",
                                        "mountPath": "/run/spire/sockets"
                                    }
                                ],
                                "terminationMessagePath": "/dev/termination-log",
                                "terminationMessagePolicy": "File",
                                "imagePullPolicy": "IfNotPresent"
                            }
                        ],
                        "restartPolicy": "Always",
                        "terminationGracePeriodSeconds": 30,
                        "dnsPolicy": "ClusterFirst",
                        "serviceAccountName": "registry-k8s-sa",
                        "serviceAccount": "registry-k8s-sa",
                        "securityContext": {},
                        "schedulerName": "default-scheduler"
                    }
                },
                "strategy": {
                    "type": "RollingUpdate",
                    "rollingUpdate": {
                        "maxUnavailable": "25%",
                        "maxSurge": "25%"
                    }
                },
                "revisionHistoryLimit": 10,
                "progressDeadlineSeconds": 600
            },
            "status": {
                "observedGeneration": 1,
                "replicas": 1,
                "updatedReplicas": 1,
                "readyReplicas": 1,
                "availableReplicas": 1,
                "conditions": [
                    {
                        "type": "Available",
                        "status": "True",
                        "lastUpdateTime": "2022-11-23T05:44:58Z",
                        "lastTransitionTime": "2022-11-23T05:44:58Z",
                        "reason": "MinimumReplicasAvailable",
                        "message": "Deployment has minimum availability."
                    },
                    {
                        "type": "Progressing",
                        "status": "True",
                        "lastUpdateTime": "2022-11-23T05:44:58Z",
                        "lastTransitionTime": "2022-11-23T05:44:54Z",
                        "reason": "NewReplicaSetAvailable",
                        "message": "ReplicaSet \"registry-k8s-7bd89bb799\" has successfully progressed."
                    }
                ]
            }
        }
    ]
}
