{
    "kind": "ServiceList",
    "apiVersion": "v1",
    "metadata": {
        "resourceVersion": "10883"
    },
    "items": [
        {
            "metadata": {
                "name": "admission-webhook-svc",
                "namespace": "nsm-system",
                "uid": "d4a65354-6eb9-4b8f-a6ab-4739e1823d03",
                "resourceVersion": "861",
                "creationTimestamp": "2022-11-23T05:44:53Z",
                "labels": {
                    "app": "admission-webhook-k8s"
                },
                "annotations": {
                    "kubectl.kubernetes.io/last-applied-configuration": "{\"apiVersion\":\"v1\",\"kind\":\"Service\",\"metadata\":{\"annotations\":{},\"labels\":{\"app\":\"admission-webhook-k8s\"},\"name\":\"admission-webhook-svc\",\"namespace\":\"nsm-system\"},\"spec\":{\"ports\":[{\"port\":443,\"targetPort\":443}],\"selector\":{\"app\":\"admission-webhook-k8s\"}}}\n"
                }
            },
            "spec": {
                "ports": [
                    {
                        "protocol": "TCP",
                        "port": 443,
                        "targetPort": 443
                    }
                ],
                "selector": {
                    "app": "admission-webhook-k8s"
                },
                "clusterIP": "10.96.119.85",
                "clusterIPs": [
                    "10.96.119.85"
                ],
                "type": "ClusterIP",
                "sessionAffinity": "None",
                "ipFamilies": [
                    "IPv4"
                ],
                "ipFamilyPolicy": "SingleStack",
                "internalTrafficPolicy": "Cluster"
            },
            "status": {
                "loadBalancer": {}
            }
        },
        {
            "metadata": {
                "name": "registry",
                "namespace": "nsm-system",
                "uid": "7918b7fd-8bf9-4bb4-85bd-ad33a42a7bf8",
                "resourceVersion": "866",
                "creationTimestamp": "2022-11-23T05:44:53Z",
                "annotations": {
                    "kubectl.kubernetes.io/last-applied-configuration": "{\"apiVersion\":\"v1\",\"kind\":\"Service\",\"metadata\":{\"annotations\":{},\"name\":\"registry\",\"namespace\":\"nsm-system\"},\"spec\":{\"ports\":[{\"name\":\"registry\",\"port\":5002,\"protocol\":\"TCP\",\"targetPort\":5002}],\"selector\":{\"app\":\"registry\"},\"type\":\"LoadBalancer\"}}\n"
                }
            },
            "spec": {
                "ports": [
                    {
                        "name": "registry",
                        "protocol": "TCP",
                        "port": 5002,
                        "targetPort": 5002,
                        "nodePort": 31586
                    }
                ],
                "selector": {
                    "app": "registry"
                },
                "clusterIP": "10.96.143.138",
                "clusterIPs": [
                    "10.96.143.138"
                ],
                "type": "LoadBalancer",
                "sessionAffinity": "None",
                "externalTrafficPolicy": "Cluster",
                "ipFamilies": [
                    "IPv4"
                ],
                "ipFamilyPolicy": "SingleStack",
                "allocateLoadBalancerNodePorts": true,
                "internalTrafficPolicy": "Cluster"
            },
            "status": {
                "loadBalancer": {}
            }
        }
    ]
}
