{
    "kind": "DaemonSetList",
    "apiVersion": "apps/v1",
    "metadata": {
        "resourceVersion": "10876"
    },
    "items": [
        {
            "metadata": {
                "name": "kindnet",
                "namespace": "kube-system",
                "uid": "b9f364eb-a66b-4882-866e-72c10fd02278",
                "resourceVersion": "474",
                "generation": 1,
                "creationTimestamp": "2022-11-23T05:41:24Z",
                "labels": {
                    "app": "kindnet",
                    "k8s-app": "kindnet",
                    "tier": "node"
                },
                "annotations": {
                    "deprecated.daemonset.template.generation": "1"
                }
            },
            "spec": {
                "selector": {
                    "matchLabels": {
                        "app": "kindnet"
                    }
                },
                "template": {
                    "metadata": {
                        "creationTimestamp": null,
                        "labels": {
                            "app": "kindnet",
                            "k8s-app": "kindnet",
                            "tier": "node"
                        }
                    },
                    "spec": {
                        "volumes": [
                            {
                                "name": "cni-cfg",
                                "hostPath": {
                                    "path": "/etc/cni/net.d",
                                    "type": ""
                                }
                            },
                            {
                                "name": "xtables-lock",
                                "hostPath": {
                                    "path": "/run/xtables.lock",
                                    "type": "FileOrCreate"
                                }
                            },
                            {
                                "name": "lib-modules",
                                "hostPath": {
                                    "path": "/lib/modules",
                                    "type": ""
                                }
                            }
                        ],
                        "containers": [
                            {
                                "name": "kindnet-cni",
                                "image": "docker.io/kindest/kindnetd:v20220510-4929dd75",
                                "env": [
                                    {
                                        "name": "HOST_IP",
                                        "valueFrom": {
                                            "fieldRef": {
                                                "apiVersion": "v1",
                                                "fieldPath": "status.hostIP"
                                            }
                                        }
                                    },
                                    {
                                        "name": "POD_IP",
                                        "valueFrom": {
                                            "fieldRef": {
                                                "apiVersion": "v1",
                                                "fieldPath": "status.podIP"
                                            }
                                        }
                                    },
                                    {
                                        "name": "POD_SUBNET",
                                        "value": "10.244.0.0/16"
                                    },
                                    {
                                        "name": "CONTROL_PLANE_ENDPOINT",
                                        "value": "kind-1-control-plane:6443"
                                    }
                                ],
                                "resources": {
                                    "limits": {
                                        "cpu": "100m",
                                        "memory": "50Mi"
                                    },
                                    "requests": {
                                        "cpu": "100m",
                                        "memory": "50Mi"
                                    }
                                },
                                "volumeMounts": [
                                    {
                                        "name": "cni-cfg",
                                        "mountPath": "/etc/cni/net.d"
                                    },
                                    {
                                        "name": "xtables-lock",
                                        "mountPath": "/run/xtables.lock"
                                    },
                                    {
                                        "name": "lib-modules",
                                        "readOnly": true,
                                        "mountPath": "/lib/modules"
                                    }
                                ],
                                "terminationMessagePath": "/dev/termination-log",
                                "terminationMessagePolicy": "File",
                                "imagePullPolicy": "IfNotPresent",
                                "securityContext": {
                                    "capabilities": {
                                        "add": [
                                            "NET_RAW",
                                            "NET_ADMIN"
                                        ]
                                    },
                                    "privileged": false
                                }
                            }
                        ],
                        "restartPolicy": "Always",
                        "terminationGracePeriodSeconds": 30,
                        "dnsPolicy": "ClusterFirst",
                        "serviceAccountName": "kindnet",
                        "serviceAccount": "kindnet",
                        "hostNetwork": true,
                        "securityContext": {},
                        "schedulerName": "default-scheduler",
                        "tolerations": [
                            {
                                "operator": "Exists"
                            }
                        ]
                    }
                },
                "updateStrategy": {
                    "type": "RollingUpdate",
                    "rollingUpdate": {
                        "maxUnavailable": 1,
                        "maxSurge": 0
                    }
                },
                "revisionHistoryLimit": 10
            },
            "status": {
                "currentNumberScheduled": 2,
                "numberMisscheduled": 0,
                "desiredNumberScheduled": 2,
                "numberReady": 2,
                "observedGeneration": 1,
                "updatedNumberScheduled": 2,
                "numberAvailable": 2
            }
        },
        {
            "metadata": {
                "name": "kube-proxy",
                "namespace": "kube-system",
                "uid": "8f63bff7-8c6d-4f3a-ae33-0deac483d847",
                "resourceVersion": "448",
                "generation": 1,
                "creationTimestamp": "2022-11-23T05:41:23Z",
                "labels": {
                    "k8s-app": "kube-proxy"
                },
                "annotations": {
                    "deprecated.daemonset.template.generation": "1"
                }
            },
            "spec": {
                "selector": {
                    "matchLabels": {
                        "k8s-app": "kube-proxy"
                    }
                },
                "template": {
                    "metadata": {
                        "creationTimestamp": null,
                        "labels": {
                            "k8s-app": "kube-proxy"
                        }
                    },
                    "spec": {
                        "volumes": [
                            {
                                "name": "kube-proxy",
                                "configMap": {
                                    "name": "kube-proxy",
                                    "defaultMode": 420
                                }
                            },
                            {
                                "name": "xtables-lock",
                                "hostPath": {
                                    "path": "/run/xtables.lock",
                                    "type": "FileOrCreate"
                                }
                            },
                            {
                                "name": "lib-modules",
                                "hostPath": {
                                    "path": "/lib/modules",
                                    "type": ""
                                }
                            }
                        ],
                        "containers": [
                            {
                                "name": "kube-proxy",
                                "image": "k8s.gcr.io/kube-proxy:v1.24.0",
                                "command": [
                                    "/usr/local/bin/kube-proxy",
                                    "--config=/var/lib/kube-proxy/config.conf",
                                    "--hostname-override=$(NODE_NAME)"
                                ],
                                "env": [
                                    {
                                        "name": "NODE_NAME",
                                        "valueFrom": {
                                            "fieldRef": {
                                                "apiVersion": "v1",
                                                "fieldPath": "spec.nodeName"
                                            }
                                        }
                                    }
                                ],
                                "resources": {},
                                "volumeMounts": [
                                    {
                                        "name": "kube-proxy",
                                        "mountPath": "/var/lib/kube-proxy"
                                    },
                                    {
                                        "name": "xtables-lock",
                                        "mountPath": "/run/xtables.lock"
                                    },
                                    {
                                        "name": "lib-modules",
                                        "readOnly": true,
                                        "mountPath": "/lib/modules"
                                    }
                                ],
                                "terminationMessagePath": "/dev/termination-log",
                                "terminationMessagePolicy": "File",
                                "imagePullPolicy": "IfNotPresent",
                                "securityContext": {
                                    "privileged": true
                                }
                            }
                        ],
                        "restartPolicy": "Always",
                        "terminationGracePeriodSeconds": 30,
                        "dnsPolicy": "ClusterFirst",
                        "nodeSelector": {
                            "kubernetes.io/os": "linux"
                        },
                        "serviceAccountName": "kube-proxy",
                        "serviceAccount": "kube-proxy",
                        "hostNetwork": true,
                        "securityContext": {},
                        "schedulerName": "default-scheduler",
                        "tolerations": [
                            {
                                "operator": "Exists"
                            }
                        ],
                        "priorityClassName": "system-node-critical"
                    }
                },
                "updateStrategy": {
                    "type": "RollingUpdate",
                    "rollingUpdate": {
                        "maxUnavailable": 1,
                        "maxSurge": 0
                    }
                },
                "revisionHistoryLimit": 10
            },
            "status": {
                "currentNumberScheduled": 2,
                "numberMisscheduled": 0,
                "desiredNumberScheduled": 2,
                "numberReady": 2,
                "observedGeneration": 1,
                "updatedNumberScheduled": 2,
                "numberAvailable": 2
            }
        }
    ]
}
