{
    "kind": "DeploymentList",
    "apiVersion": "apps/v1",
    "metadata": {
        "resourceVersion": "10876"
    },
    "items": [
        {
            "metadata": {
                "name": "coredns",
                "namespace": "kube-system",
                "uid": "1745cd1e-b8ba-4393-b7ca-3941f49aa93e",
                "resourceVersion": "495",
                "generation": 1,
                "creationTimestamp": "2022-11-23T05:41:23Z",
                "labels": {
                    "k8s-app": "kube-dns"
                },
                "annotations": {
                    "deployment.kubernetes.io/revision": "1"
                }
            },
            "spec": {
                "replicas": 2,
                "selector": {
                    "matchLabels": {
                        "k8s-app": "kube-dns"
                    }
                },
                "template": {
                    "metadata": {
                        "creationTimestamp": null,
                        "labels": {
                            "k8s-app": "kube-dns"
                        }
                    },
                    "spec": {
                        "volumes": [
                            {
                                "name": "config-volume",
                                "configMap": {
                                    "name": "coredns",
                                    "items": [
                                        {
                                            "key": "Corefile",
                                            "path": "Corefile"
                                        }
                                    ],
                                    "defaultMode": 420
                                }
                            }
                        ],
                        "containers": [
                            {
                                "name": "coredns",
                                "image": "k8s.gcr.io/coredns/coredns:v1.8.6",
                                "args": [
                                    "-conf",
                                    "/etc/coredns/Corefile"
                                ],
                                "ports": [
                                    {
                                        "name": "dns",
                                        "containerPort": 53,
                                        "protocol": "UDP"
                                    },
                                    {
                                        "name": "dns-tcp",
                                        "containerPort": 53,
                                        "protocol": "TCP"
                                    },
                                    {
                                        "name": "metrics",
                                        "containerPort": 9153,
                                        "protocol": "TCP"
                                    }
                                ],
                                "resources": {
                                    "limits": {
                                        "memory": "170Mi"
                                    },
                                    "requests": {
                                        "cpu": "100m",
                                        "memory": "70Mi"
                                    }
                                },
                                "volumeMounts": [
                                    {
                                        "name": "config-volume",
                                        "readOnly": true,
                                        "mountPath": "/etc/coredns"
                                    }
                                ],
                                "livenessProbe": {
                                    "httpGet": {
                                        "path": "/health",
                                        "port": 8080,
                                        "scheme": "HTTP"
                                    },
                                    "initialDelaySeconds": 60,
                                    "timeoutSeconds": 5,
                                    "periodSeconds": 10,
                                    "successThreshold": 1,
                                    "failureThreshold": 5
                                },
                                "readinessProbe": {
                                    "httpGet": {
                                        "path": "/ready",
                                        "port": 8181,
                                        "scheme": "HTTP"
                                    },
                                    "timeoutSeconds": 1,
                                    "periodSeconds": 10,
                                    "successThreshold": 1,
                                    "failureThreshold": 3
                                },
                                "terminationMessagePath": "/dev/termination-log",
                                "terminationMessagePolicy": "File",
                                "imagePullPolicy": "IfNotPresent",
                                "securityContext": {
                                    "capabilities": {
                                        "add": [
                                            "NET_BIND_SERVICE"
                                        ],
                                        "drop": [
                                            "all"
                                        ]
                                    },
                                    "readOnlyRootFilesystem": true,
                                    "allowPrivilegeEscalation": false
                                }
                            }
                        ],
                        "restartPolicy": "Always",
                        "terminationGracePeriodSeconds": 30,
                        "dnsPolicy": "Default",
                        "nodeSelector": {
                            "kubernetes.io/os": "linux"
                        },
                        "serviceAccountName": "coredns",
                        "serviceAccount": "coredns",
                        "securityContext": {},
                        "schedulerName": "default-scheduler",
                        "tolerations": [
                            {
                                "key": "CriticalAddonsOnly",
                                "operator": "Exists"
                            },
                            {
                                "key": "node-role.kubernetes.io/master",
                                "effect": "NoSchedule"
                            },
                            {
                                "key": "node-role.kubernetes.io/control-plane",
                                "effect": "NoSchedule"
                            }
                        ],
                        "priorityClassName": "system-cluster-critical"
                    }
                },
                "strategy": {
                    "type": "RollingUpdate",
                    "rollingUpdate": {
                        "maxUnavailable": 1,
                        "maxSurge": "25%"
                    }
                },
                "revisionHistoryLimit": 10,
                "progressDeadlineSeconds": 600
            },
            "status": {
                "observedGeneration": 1,
                "replicas": 2,
                "updatedReplicas": 2,
                "readyReplicas": 2,
                "availableReplicas": 2,
                "conditions": [
                    {
                        "type": "Available",
                        "status": "True",
                        "lastUpdateTime": "2022-11-23T05:41:45Z",
                        "lastTransitionTime": "2022-11-23T05:41:45Z",
                        "reason": "MinimumReplicasAvailable",
                        "message": "Deployment has minimum availability."
                    },
                    {
                        "type": "Progressing",
                        "status": "True",
                        "lastUpdateTime": "2022-11-23T05:41:46Z",
                        "lastTransitionTime": "2022-11-23T05:41:36Z",
                        "reason": "NewReplicaSetAvailable",
                        "message": "ReplicaSet \"coredns-6d4b75cb6d\" has successfully progressed."
                    }
                ]
            }
        }
    ]
}
