{
    "kind": "ServiceList",
    "apiVersion": "v1",
    "metadata": {
        "resourceVersion": "10876"
    },
    "items": [
        {
            "metadata": {
                "name": "kube-dns",
                "namespace": "kube-system",
                "uid": "0c8e7800-4e1b-41bc-8dd8-212dd8bf19fc",
                "resourceVersion": "248",
                "creationTimestamp": "2022-11-23T05:41:23Z",
                "labels": {
                    "k8s-app": "kube-dns",
                    "kubernetes.io/cluster-service": "true",
                    "kubernetes.io/name": "CoreDNS"
                },
                "annotations": {
                    "prometheus.io/port": "9153",
                    "prometheus.io/scrape": "true"
                }
            },
            "spec": {
                "ports": [
                    {
                        "name": "dns",
                        "protocol": "UDP",
                        "port": 53,
                        "targetPort": 53
                    },
                    {
                        "name": "dns-tcp",
                        "protocol": "TCP",
                        "port": 53,
                        "targetPort": 53
                    },
                    {
                        "name": "metrics",
                        "protocol": "TCP",
                        "port": 9153,
                        "targetPort": 9153
                    }
                ],
                "selector": {
                    "k8s-app": "kube-dns"
                },
                "clusterIP": "10.96.0.10",
                "clusterIPs": [
                    "10.96.0.10"
                ],
                "type": "ClusterIP",
                "sessionAffinity": "None",
                "ipFamilies": [
                    "IPv4"
                ],
                "ipFamilyPolicy": "SingleStack",
                "internalTrafficPolicy": "Cluster"
            },
            "status": {
                "loadBalancer": {}
            }
        }
    ]
}
